Time,Clus_label,trial,Mean Torque_L,Mean Torque_R,Mean Chair_LinVel,Mean Chair_AngVel,lin_acc_prediction,lin_velocity_prediction,ang_acc_prediction,ang_velocity_prediction,AngVel_L,AngVel_R
0,0,Obstacles15_T1,0.088693758953142,-0.068457591161146,0.001992380932446,0.008096500813366,-0.017190781183626,-0.001146052078908,0,0,-0.00382017359636,-0.00382017359636
0.066666666666667,0,Obstacles15_T1,0.063503171806897,-0.073682643014743,0.000716824121993,0.002793861900752,-0.018145761114491,-0.002355769486541,0,0,-0.007852564955137,-0.007852564955137
0.133333333333333,0,Obstacles15_T1,0.174941949590022,-0.068257712658893,-0.000404753267973,-0.002060750224238,-0.0151632891068,-0.003366655426994,0,0,-0.011222184756647,-0.011222184756647
0.2,0,Obstacles15_T1,0.227811855372719,-0.036133594478923,-0.001602340846529,-0.004065779734418,-0.011673261036912,-0.004144872829455,0,0,-0.01381624276485,-0.01381624276485
0.266666666666667,0,Obstacles15_T1,0.131873872732521,-0.035038900344284,-0.002627728826972,-0.003116373586439,-0.013836054389176,-0.0050672764554,0,0,-0.016890921518,-0.016890921518
0.333333333333333,0,Obstacles15_T1,0.05012541595735,-0.088381385346511,-0.00291888248604,-0.002851828871531,-0.019490222691051,-0.006366624634804,0,0,-0.021222082116013,-0.021222082116013
0.4,0,Obstacles15_T1,0.085776736442173,-0.080367118432593,-0.003511794033291,-0.004479774865322,-0.018095176644236,-0.007572969744419,0,0,-0.025243232481397,-0.025243232481397
0.466666666666667,0,Obstacles15_T1,0.027215670852223,-0.090390184433776,-0.004806744371008,-0.005560901497967,-0.02016610837332,-0.008917376969307,0,0,-0.02972458989769,-0.02972458989769
0.533333333333333,1,Obstacles15_T1,0.081946933060681,-0.111766406083663,-0.003940900077601,-0.006601463288085,-0.137146286043225,-0.018060462705522,0,0,-0.06020154235174,-0.06020154235174
0.6,1,Obstacles15_T1,0.98491935673667,0.540378586404495,0.002900713051924,-0.006986085783567,-0.062369587746558,-0.02221843522196,0,0,-0.074061450739867,-0.074061450739867
0.666666666666667,1,Obstacles15_T1,2.54623659239899,1.83090052670274,0.014289489592911,-0.002060357966457,0.074434547446583,-0.017256132058854,0,0,-0.05752044019618,-0.05752044019618
0.733333333333333,1,Obstacles15_T1,4.22206681621203,3.10696704907915,0.026767064765595,0.007140666204762,0.216243408766523,-0.002839904807752,0,0,-0.009466349359173,-0.009466349359173
0.8,1,Obstacles15_T1,6.10082313375926,4.41669455363117,0.04136257735921,0.005814623100571,0.369653265978901,0.021803646257508,0,0,0.07267882085836,0.07267882085836
0.866666666666667,1,Obstacles15_T1,7.94276376752997,5.48865812232409,0.063976409253739,-0.0139469112683,0.510280797613772,0.055822366098426,0,0,0.18607455366142,0.18607455366142
0.933333333333333,1,Obstacles15_T1,9.31325653652942,6.14753929048165,0.096364420134977,-0.036702310307729,0.608520927663619,0.096390427942667,0,0,0.321301426475557,0.321301426475557
1,1,Obstacles15_T1,10.053949397624,6.69817967971874,0.135055702422152,-0.042105081878124,0.670582488101305,0.141095927149421,0,0,0.470319757164737,0.470319757164737
1.06666666666667,1,Obstacles15_T1,10.3244818930227,7.18214125718507,0.175556431755881,-0.028450506373504,0.706286976185757,0.188181725561804,0,0,0.627272418539347,0.627272418539347
1.13333333333333,0,Obstacles15_T1,10.1828184769715,7.34527978644235,0.214762170049158,-0.00952441016004,0.739055047940703,0.237452062091185,0,0,0.791506873637283,0.791506873637283
1.2,0,Obstacles15_T1,9.69954171372454,7.16761805376383,0.252530649326924,0.00287638810753,0.715297426095491,0.285138557164217,0,0,0.950461857214057,0.950461857214057
1.26666666666667,0,Obstacles15_T1,9.16490037506363,6.91780816773966,0.291620796496714,0.012203665671114,0.685274393868361,0.330823516755441,0,0,1.10274505585147,1.10274505585147
1.33333333333333,0,Obstacles15_T1,8.68033243168843,6.90258947162998,0.332557365870642,0.026552244289473,0.672893527168132,0.375683085233317,0,0,1.25227695077772,1.25227695077772
1.4,0,Obstacles15_T1,8.09242588570398,7.18738625714914,0.372060227709167,0.041606698813677,0.679167589605062,0.420960924540321,0,0,1.40320308180107,1.40320308180107
1.46666666666667,0,Obstacles15_T1,7.35696615473959,7.45908772817267,0.408811301540901,0.050073888738934,0.681077471029781,0.46636608927564,0,0,1.5545536309188,1.5545536309188
1.53333333333333,0,Obstacles15_T1,6.73272838785956,7.69741225326741,0.446593760312287,0.060698937609107,0.683240059955469,0.511915426606004,0,0,1.70638475535335,1.70638475535335
1.6,0,Obstacles15_T1,6.17507006227435,8.30231201841989,0.489988866617791,0.093006467543202,0.712698186529013,0.559428639041272,0,0,1.86476213013757,1.86476213013757
1.66666666666667,0,Obstacles15_T1,5.44884338689036,9.19464657808485,0.537250504403215,0.150056677980723,0.758405032246364,0.609988974524363,0,0,2.03329658174788,2.03329658174788
1.73333333333333,0,Obstacles15_T1,4.74238925130584,9.92603745758746,0.577562607841947,0.196489023441082,0.79327185470448,0.662873764837995,0,0,2.20957921612665,2.20957921612665
1.8,0,Obstacles15_T1,3.7158329341048,9.28918923522964,0.599019762607864,0.189621349121364,0.724586926897186,0.711179559964474,0,0,2.37059853321491,2.37059853321491
1.86666666666667,0,Obstacles15_T1,1.70294465857711,5.54552610367002,0.605020742441832,0.131198250586405,0.414712800321051,0.738827079985877,0,0,2.46275693328626,2.46275693328626
1.93333333333333,0,Obstacles15_T1,0.033705597255244,0.938661714117405,0.61484739532066,0.075166655668916,0.052246357751017,0.742310170502612,0,0,2.47436723500871,2.47436723500871
2,0,Obstacles15_T1,-0.183731248282982,-0.60622887817779,0.63680072624315,0.069779708888403,-0.06131330744332,0.738222616673057,0,0,2.46074205557686,2.46074205557686
2.06666666666667,1,Obstacles15_T1,-0.016144869331633,-0.201404017433617,0.65647244663989,0.1173885412921,-0.146135684347202,0.728480237716577,0,0,2.42826745905526,2.42826745905526
2.13333333333333,0,Obstacles15_T1,-0.174668266587879,0.051179009024988,0.654341676705408,0.183182608405255,-0.014937953740227,0.727484374133895,0,0,2.42494791377965,2.42494791377965
2.2,0,Obstacles15_T1,-0.973015425764817,-0.075884704182249,0.628336779473319,0.234398626383172,-0.042497827371776,0.724651185642444,0,0,2.41550395214148,2.41550395214148
2.26666666666667,0,Obstacles15_T1,-2.17359937390425,-0.126372294222876,0.594460123916214,0.265748664663065,-0.074070638524171,0.719713143074165,0,0,2.39904381024722,2.39904381024722
2.33333333333333,3,Obstacles15_T1,-2.60106297210052,0.946967253151348,0.568778728726527,0.285401922699059,-0.221217051566248,0.704965339636416,0.502796972683285,0.033519798178886,2.32195130030565,2.37781763060379
2.4,3,Obstacles15_T1,-2.40753022643582,2.77549278895226,0.555353915208595,0.302563109274111,-0.127351647863965,0.696475229778818,0.617256416087392,0.074670225918045,2.25935891099769,2.38380928752776
2.46666666666667,3,Obstacles15_T1,-2.07761308980955,3.73282098213389,0.548847776043314,0.31518330662194,-0.066887664729887,0.692016052130159,0.640996596852077,0.11740333237485,2.20888406345482,2.40455628407957
2.53333333333333,3,Obstacles15_T1,-1.78931156218382,4.1162535661711,0.546476604023369,0.321490361886161,-0.034936824685908,0.689686930484432,0.625785307051387,0.159122352844943,2.16635447424399,2.43155839565223
2.6,3,Obstacles15_T1,-1.69384335940682,5.27628705321154,0.551639054698824,0.344144543873936,0.023259747397513,0.691237580310933,0.702722616704594,0.205970527291916,2.13248316162651,2.47576737377971
2.66666666666667,3,Obstacles15_T1,-1.9269586450584,7.19154923682013,0.565593284090229,0.408564680652019,0.099994218934756,0.69790386157325,0.891601322312597,0.265410615446089,2.10517069237243,2.54752171811591
2.73333333333333,3,Obstacles15_T1,-2.80289764262997,9.12879986590673,0.584538806654998,0.52699102122086,0.145907720747471,0.707631042956414,1.18398119981919,0.344342695434035,2.07181789699302,2.64572238938308
2.8,3,Obstacles15_T1,-4.12284943606117,11.4527795251281,0.602322907724116,0.675488171960926,0.187657702826871,0.720141556478206,1.57733373395541,0.449498277697729,2.02588995684591,2.77505375300879
2.86666666666667,3,Obstacles15_T1,-5.34038876872896,12.7099187762049,0.607763777515179,0.791912565513123,0.185306221070617,0.73249530454958,1.86982019785989,0.574152957555055,1.96319021720272,2.92011181312781
2.93333333333333,0,Obstacles15_T1,-6.69393322797269,8.95621342901991,0.594617848644241,0.81897171094597,0.458189987484301,0.7630413037152,-2,0.440819624221722,2.17612132553256,2.91082069923544
3,0,Obstacles15_T1,-7.41636128836227,2.32280152629696,0.580854453372798,0.768157068912273,-0.024479243315185,0.761409354160855,-2,0.307486290888389,2.28179260479586,2.79426975627651
3.06666666666667,0,Obstacles15_T1,-6.40628670226226,-0.53963287728433,0.591355479494176,0.71462039766667,-0.201901885683874,0.747949228448596,-2,0.174152957555055,2.34803663019944,2.63829155945787
3.13333333333333,0,Obstacles15_T1,-4.69679514972957,-0.269213560529334,0.618363769298197,0.71039055803345,-0.143004865563599,0.738415570744356,-2,0.040819624221722,2.42736888229642,2.49540158933262
3.2,0,Obstacles15_T1,-3.98252466903208,-0.057916678257289,0.628237572491487,0.73933435258581,-0.111492824928346,0.730982715749133,-2,-0.092513709111611,2.51370381009012,2.3595142949041
3.26666666666667,0,Obstacles15_T1,-4.05895842292434,0.018190483634405,0.606460723683127,0.741830466704069,-0.107932850129565,0.723787192407162,2,0.040819624221722,2.37860762117244,2.44664032820864
3.33333333333333,0,Obstacles15_T1,-3.58636846856762,-0.09340380682697,0.572869013315079,0.675276624913445,-0.104736531675267,0.716804756962144,-2,-0.092513709111611,2.46644394746682,2.3122544322808
3.4,0,Obstacles15_T1,-2.28406972255279,-0.135151396303368,0.554054214681244,0.568542905656148,-0.077266035625137,0.711653687920469,2,0.040819624221722,2.33816260621679,2.406195313253
3.46666666666667,3,Obstacles15_T1,-1.04811756266298,1.21837818732103,0.556796630975471,0.505300411581305,-0.131800773001325,0.70286696972038,0.278508710916984,0.059386871616188,2.29340083938778,2.39237895874809
3.53333333333333,3,Obstacles15_T1,-0.77246540348369,3.68697281914913,0.571307651609124,0.532641755509673,-0.004366267877917,0.702575885195186,0.430758954173609,0.088104135227762,2.26849950462748,2.41533973000709
3.6,3,Obstacles15_T1,-0.757331909231422,6.14450411656222,0.585728557011093,0.604810751862372,0.109656671970695,0.709886329993232,0.623370355683655,0.129662158940005,2.25823596752744,2.47433956576078
3.66666666666667,1,Obstacles15_T1,0.309217781288117,8.09285582172875,0.593668252027568,0.641275590592572,0.252279447242181,0.726704959809377,0,0.129662158940005,2.31429806691459,2.53040166514793
3.73333333333333,1,Obstacles15_T1,1.28241159671719,9.47780597623072,0.604175112056675,0.633715918177704,0.36431044960408,0.750992323116316,0,0.129662158940005,2.39525594460438,2.61135954283772
3.8,1,Obstacles15_T1,1.76596335744038,10.6838354038358,0.630262470041882,0.623078186012118,0.443846092731348,0.780582062631739,0,0.129662158940005,2.49388840965579,2.70999200788913
3.86666666666667,0,Obstacles15_T1,2.6988894798391,11.3413528628779,0.670289265795451,0.628723576830485,0.844951266004876,0.836912147032064,-2,-0.003671174393328,2.79276646876799,2.78664784477911
3.93333333333333,0,Obstacles15_T1,3.34335032046239,9.45856111151154,0.707042800290317,0.633812291488878,0.72778480008547,0.885431133704429,0,-0.003671174393328,2.95449642434254,2.94837780035366
4,0,Obstacles15_T1,2.20853716912033,4.34092245684453,0.728565685644464,0.617939359033629,0.34192745038207,0.908226297063234,0,-0.003671174393328,3.03048030220522,3.02436167821634
4.06666666666667,0,Obstacles15_T1,0.119248303974815,0.186525722009457,0.743172485883159,0.583784722330026,0.001427671924441,0.90832147519153,0,-0.003671174393328,3.03079756263287,3.02467893864399
4.13333333333333,0,Obstacles15_T1,-0.43697322315479,-0.408991813191296,0.760454113161459,0.543671954833406,-0.053375053157029,0.904763138314395,0,-0.003671174393328,3.01893643970909,3.01281781572021
4.2,1,Obstacles15_T1,0.04546701791209,0.061270619776522,0.774110459940416,0.49936105682273,-0.130977186108282,0.896031325907176,0,-0.003671174393328,2.98983039835169,2.98371177436281
4.26666666666667,0,Obstacles15_T1,0.196669425046368,0.118755781495118,0.775189490392743,0.44380856810643,-0.001523805613633,0.895929738866267,0,-0.003671174393328,2.989491774882,2.98337315089312
4.33333333333333,0,Obstacles15_T1,0.043406737874991,0.049357127027777,0.765578479547593,0.375762207243843,-0.009974946145257,0.895264742456583,0,-0.003671174393328,2.98727512018305,2.98115649619417
4.4,0,Obstacles15_T1,-0.118562549504148,-0.113555020254982,0.75122048925076,0.301213407950977,-0.025195943929605,0.893585012861276,0,-0.003671174393328,2.98167602153203,2.97555739754315
4.46666666666667,0,Obstacles15_T1,-0.091520073446669,-0.154905185014355,0.735726913469039,0.234786159281724,-0.02746828584602,0.891753793804875,0,-0.003671174393328,2.97557195801069,2.96945333402181
4.53333333333333,1,Obstacles15_T1,0.446485437637479,0.556675967281564,0.723457042411671,0.184567568688904,-0.088283190971793,0.885868247740088,0,-0.003671174393328,2.95595347112807,2.94983484713919
4.6,1,Obstacles15_T1,1.14062854246301,1.3679055308267,0.719383883516607,0.148589347858513,-0.016515730356479,0.884767199049657,0,-0.003671174393328,2.95228330882663,2.94616468483775
4.66666666666667,1,Obstacles15_T1,1.48061156467448,1.79485453442494,0.723652442823332,0.123613182969552,0.020000300880012,0.886100552441657,0,-0.003671174393328,2.9567278201333,2.95060919614442
4.73333333333333,0,Obstacles15_T1,1.7825892440736,1.66291039646867,0.73361645526162,0.095249515039345,0.143931293272428,0.895695971993153,0,-0.003671174393328,2.98871255197162,2.98259392798274
4.8,0,Obstacles15_T1,2.96333696354981,0.536700603552473,0.750487117833647,0.045867642048266,0.09241226997487,0.901856789991477,0,-0.003671174393328,3.00924861196603,3.00312998797715
4.86666666666667,2,Obstacles15_T1,5.35852297114263,-0.639500611486164,0.773407465894566,-0.02439740900166,0.099840328805177,0.908512811911822,-0.381358280003452,-0.029095059726892,3.05262192281182,3.00413015660033
4.93333333333333,2,Obstacles15_T1,8.02652765193919,-0.811162091808591,0.795856134012429,-0.100643390094136,0.224055267671009,0.923449829756556,-0.717526437670997,-0.076930155571625,3.14227456216487,3.01405763621217
5,2,Obstacles15_T1,10.2071445430363,-0.637878323329592,0.808591672037229,-0.151444927199323,0.340032718730708,0.946118677671937,-0.946242656168486,-0.14001299931619,3.27040642500328,3.03705142614296
5.06666666666667,2,Obstacles15_T1,9.31236551115559,-1.3326324813268,0.808742941260941,-0.164162526685084,0.263697822455531,0.963698532502306,-0.9439579727531,-0.202943530833064,3.38144805070191,3.0432088326468
5.13333333333333,0,Obstacles15_T1,4.13178168148299,-2.53608563846889,0.803387481984091,-0.159251129946867,-0.096084332822581,0.957292910314134,2,-0.06961019749973,3.24898486563022,3.13296786979734
5.2,0,Obstacles15_T1,0.064649563181652,-3.20249562186278,0.797196525412585,-0.183917669127775,-0.237827089075725,0.941437771042419,2,0.063723135833603,3.08502329028006,3.1912285166694
5.26666666666667,0,Obstacles15_T1,-0.243112022130252,-3.45494078579591,0.790164210996857,-0.277522835715877,-0.262738685019337,0.923921858707796,-2,-0.06961019749973,3.13774802694243,3.02173103110954
5.33333333333333,0,Obstacles15_T1,0.111408334080968,-4.09092652065298,0.781456030235412,-0.414013780137405,-0.299121934665268,0.903980396396778,2,0.063723135833603,2.96016537479459,3.06637060118393
5.4,2,Obstacles15_T1,0.030475331196691,-5.47697894711861,0.774049067205584,-0.543914685784638,-0.386990764818853,0.878181012075521,-0.470601946427495,0.032349672738437,2.90031197963637,2.9542281008671
5.46666666666667,2,Obstacles15_T1,0.09739553916496,-7.20458795754484,0.765789699789752,-0.613013043093728,-0.463306309323286,0.847293924787302,-0.732051526394089,-0.016453762354503,2.83802455125309,2.81060161399559
5.53333333333333,2,Obstacles15_T1,0.053056953833641,-8.04179356902173,0.744156716386363,-0.597939078372432,-0.504090888766305,0.813687865536215,-0.849803342585822,-0.073107318526891,2.77321565055979,2.65137011968164
5.6,0,Obstacles15_T1,-0.381576650668969,-7.81650360573465,0.709602318984044,-0.537316077159208,-0.572244033942855,0.775538263273358,2,0.060226014806443,2.53493919857249,2.63531588991656
5.66666666666667,2,Obstacles15_T1,0.471144649469867,-7.62787683655541,0.675123197868305,-0.520612400554906,-0.464307579098366,0.744584424666801,-0.837761023260279,0.004375279922424,2.47830201562065,2.48559414882469
5.73333333333333,2,Obstacles15_T1,3.79681127498843,-7.77084178806613,0.652108891441266,-0.609337471039714,-0.306200647262243,0.724171048182651,-1.24636855075165,-0.078715956794353,2.47950012460413,2.34830686328021
5.8,2,Obstacles15_T1,6.95983788433764,-7.66509270671387,0.643748478666413,-0.758556411235731,-0.14468429074249,0.714525428799818,-1.59950333774844,-0.185349512644249,2.53620935653627,2.22729350212919
5.86666666666667,2,Obstacles15_T1,9.04628099000412,-7.22601580588398,0.646237177911526,-0.874050652141439,-0.021119554854684,0.713117458476173,-1.77821920119204,-0.303897459390385,2.6303060777459,2.12381031209526
5.93333333333333,2,Obstacles15_T1,11.0921980289466,-7.20361592468654,0.657367031585679,-0.92529915610558,0.081232575411768,0.718532963503624,-2.01338868477242,-0.438123371708547,2.76021268810254,2.03000706858829
6,2,Obstacles15_T1,12.4105055988974,-7.81614431509026,0.67332258010189,-0.95128672353754,0.118286042484548,0.72641869966926,-2.25697392459895,-0.588588300015143,2.91188591557682,1.93090541555158
6.06666666666667,2,Obstacles15_T1,11.0473520152951,-8.43224195948513,0.687212035177893,-0.973578566166397,0.022381364671219,0.727910790647342,-2.18855021666162,-0.734491647792584,3.03844567531829,1.81429292899732
6.13333333333333,0,Obstacles15_T1,5.96974453218761,-8.60588311808321,0.692879803361751,-0.980381295402592,-0.479403946014582,0.695950527579703,2,-0.601158314459251,2.82080035398172,1.81886982988297
6.2,0,Obstacles15_T1,1.02903064482309,-8.49392641154599,0.690245859688624,-0.976986594934611,-0.586882775625149,0.656825009204693,2,-0.467824981125918,2.57927084828724,1.79956254641071
6.26666666666667,0,Obstacles15_T1,-0.19336145285512,-8.35823267731567,0.687037387627266,-0.995284463760323,-0.605890874347222,0.616432284248211,2,-0.334491647792584,2.33351732065452,1.77603124100022
6.33333333333333,2,Obstacles15_T1,0.110349972181397,-8.14414475712506,0.68967362660568,-1.05037273050421,-0.50597118521821,0.582700871900331,-0.871508364812423,-0.392592205446746,2.26949641087339,1.61517606846215
6.4,2,Obstacles15_T1,0.108110624563412,-7.9955692588405,0.693226918881985,-1.1168830795644,-0.499233884616569,0.549418612925893,-0.849433312751278,-0.449221092963498,2.20574628722256,1.45704446561673
6.46666666666667,2,Obstacles15_T1,0.130397813460685,-7.94866028209123,0.688106878304244,-1.15143909627918,-0.495968012492895,0.5163540787597,-0.845143719595314,-0.505564007603185,2.14248360220165,1.29987692286301
6.53333333333333,2,Obstacles15_T1,0.290922468825961,-7.75999873871067,0.670274768993258,-1.12497555912856,-0.479322511165848,0.484399244681977,-0.836153854204956,-0.561307597883516,2.08242048050952,1.14690781737033
6.6,2,Obstacles15_T1,0.114327215138079,-7.50473987877522,0.64054021797997,-1.02456565628182,-0.476302523069329,0.452645743144022,-0.778093665472575,-0.613180508915021,2.01980290124259,0.997835386384222
6.66666666666667,0,Obstacles15_T1,-0.213193575473972,-7.27559374296568,0.608565087474397,-0.886046227977336,-0.530329963797261,0.417290412224204,2,-0.479847175581687,1.79084068706542,0.991095394429274
6.73333333333333,2,Obstacles15_T1,1.58242748507758,-6.90372319369871,0.589753139638537,-0.796038118177156,-0.375895702466127,0.392230698726462,-0.860963456079237,-0.537244739320303,1.75513961185513,0.859731712987954
6.8,2,Obstacles15_T1,5.65967388282953,-6.39705363750464,0.589088249170603,-0.806533419736432,-0.150625183888231,0.38218901980058,-1.2617898550702,-0.62136406299165,1.79176678516164,0.756160013508891
6.86666666666667,2,Obstacles15_T1,8.68552355674436,-5.89695948297467,0.596857964247088,-0.882422448599058,0.022274084341599,0.383673958756687,-1.54103796650983,-0.724099927425639,1.88232980204366,0.675496589667591
6.93333333333333,2,Obstacles15_T1,10.6289246833441,-5.67978036035546,0.605541621699368,-0.962185911563544,0.128527173631043,0.392242436998756,-1.73566114537768,-0.839810670450818,2.00731701537153,0.607632564620172
7,2,Obstacles15_T1,13.4579463453768,-5.85689578106721,0.618939729365886,-1.0267553675917,0.260464749028911,0.409606753600684,-2.0913971088546,-0.979237144374458,2.18138679898099,0.549324891690232
7.06666666666667,2,Obstacles15_T1,15.9206426258095,-6.13327235514297,0.639353245904213,-1.06703520449686,0.369685659686129,0.434252464246426,-2.41901031380459,-1.1405044986281,2.39792862967817,0.497087798631337
7.13333333333333,2,Obstacles15_T1,13.0375630607747,-6.36445570769345,0.660534473244212,-1.05799726915507,0.216251516794319,0.448669232032714,-2.11692068599639,-1.28163254436119,2.5635912270767,0.427536986474722
7.2,0,Obstacles15_T1,5.21244610982692,-6.59566420999649,0.674627307692891,-1.00612152440007,-0.355923612787799,0.424940991180194,2,-1.14829921102786,2.37338597979053,0.459553961410763
7.26666666666667,0,Obstacles15_T1,0.143947630280083,-6.64676659948054,0.67942232318982,-0.975010679935754,-0.477835720353082,0.393085276489988,2,-1.01496587769452,2.15608915304539,0.46447935688786
7.33333333333333,0,Obstacles15_T1,-0.164434799961432,-6.48105270133781,0.679171160270857,-1.02039621873509,-0.473398300568261,0.361525389785438,2,-0.88163254436119,1.93977841958578,0.470390845650468
7.4,2,Obstacles15_T1,0.219802818276725,-6.30020662228142,0.679342086451436,-1.11796459204015,-0.415559255246973,0.333821439435639,-0.613536041987594,-0.922534947160363,1.88151725408577,0.343959008818494
7.46666666666667,2,Obstacles15_T1,0.078164670846265,-6.14897376970839,0.680360813960569,-1.19515834981017,-0.415602898303298,0.306114579548753,-0.574823451670856,-0.960856510605087,1.82109569066675,0.219668172991604
7.53333333333333,2,Obstacles15_T1,0.124049090529942,-6.00852817242241,0.672619934217696,-1.18706089417103,-0.406857097587189,0.27899077304294,-0.559551023387869,-0.998159912164278,1.76176917028003,0.098169316672902
7.6,2,Obstacles15_T1,0.344644731259515,-5.97379426314617,0.649123404850541,-1.08393601633393,-0.394331601393188,0.252701999616728,-0.580162482494534,-1.03683741099725,1.70637117455347,-0.021691177108615
7.66666666666667,2,Obstacles15_T1,0.007422889929253,-5.9976272893317,0.617223190525933,-0.939516135949754,-0.412130313039906,0.225226645414067,-0.544357379722905,-1.07312790297877,1.64502873719586,-0.143517767768752
7.73333333333333,0,Obstacles15_T1,-0.382651954666508,-5.95339856809511,0.5906821929292,-0.838959248610595,-0.441440208168799,0.195797298202814,2,-0.939794569645441,1.43581980204725,-0.130504480695154
7.8,2,Obstacles15_T1,2.13669659103251,-5.83117449977939,0.57473974744008,-0.833510962411334,-0.299010379800191,0.175863272882801,-0.768092316234152,-0.991000724061051,1.41204484632688,-0.239623027108206
7.86666666666667,2,Obstacles15_T1,6.80578058434231,-5.73763856444849,0.565985553353769,-0.905188709241562,-0.063472685039519,0.171631760546833,-1.29855612378083,-1.07757113231311,1.4700818120837,-0.325870075104815
7.93333333333333,2,Obstacles15_T1,10.0786128703482,-5.66314604976226,0.562040674876521,-0.988921307486633,0.102040873006094,0.178434485413906,-1.66907824833199,-1.18884301553524,1.58548413099239,-0.39592089489968
8,2,Obstacles15_T1,12.2848871583759,-5.65815175351214,0.568048160245562,-1.03465716416948,0.211532088143254,0.192536624623457,-1.92549339987483,-1.31720924219356,1.73946311723949,-0.455885619749776
8.06666666666667,2,Obstacles15_T1,14.3453524052856,-5.64521667743404,0.589284394914187,-1.04765495878228,0.314168431829368,0.213481186745414,-2.16374815931418,-1.46145911948117,1.92948655538569,-0.506278643749595
8.13333333333333,2,Obstacles15_T1,15.4004785396425,-5.51701222898021,0.620863906874215,-1.05319550623686,0.372330546466319,0.238303223176502,-2.26790338614079,-1.61265267855723,2.13822130938603,-0.549533154876018
8.2,2,Obstacles15_T1,12.8140686586426,-5.10828600123149,0.649143843789197,-1.04700351666129,0.2630832958763,0.255842109568256,-1.906439210861,-1.73974862594796,2.30259755351749,-0.596983489729113
8.26666666666667,0,Obstacles15_T1,5.98563329294501,-4.41329426232244,0.661340665334354,-1.00145613269136,-0.184625625249134,0.243533734551647,2,-1.60641529261463,2.15045852568435,-0.526900295340035
8.33333333333333,0,Obstacles15_T1,0.592504510747906,-3.93791722011318,0.662020589793301,-0.941650138325951,-0.277146334607219,0.225057312244499,2,-1.47308195928129,1.97775934021607,-0.477377258586078
8.4,0,Obstacles15_T1,-0.294766326697906,-3.99489670326106,0.667453703198006,-0.936588356437807,-0.30186074537234,0.20493326255301,2,-1.33974862594796,1.79956806346667,-0.433346313113267
8.46666666666667,2,Obstacles15_T1,0.084318011518916,-4.11823127214806,0.682675858492402,-0.995384073674881,-0.321696396283636,0.1834868361341,-0.277384375933879,-1.35824091767688,1.74349021851107,-0.520244644283733
8.53333333333333,0,Obstacles15_T1,0.112080337711081,-3.96235765359759,0.695206217461096,-1.04444552032144,-0.290078024131026,0.164148301192032,2,-1.22490758434355,1.56791732425973,-0.473595316312851
8.6,2,Obstacles15_T1,0.161914091860378,-3.80389994303402,0.691778838463812,-1.01565761867589,-0.30336533478066,0.143923945539988,-0.240277914100144,-1.24092611195023,1.51385157842515,-0.554358608158565
8.66666666666667,2,Obstacles15_T1,0.269445713369818,-3.92226699178814,0.671771807772456,-0.916749740571196,-0.303495881106093,0.123690886799582,-0.270189877982911,-1.25893877048242,1.46141859806729,-0.636812686070076
8.73333333333333,0,Obstacles15_T1,0.028103597706171,-4.37084109576207,0.643159839352773,-0.792922618604078,-0.320722532219332,0.102309384651626,2,-1.12560543714909,1.27903581312966,-0.596973248785488
8.8,0,Obstacles15_T1,-0.283244322722753,-4.918915985243,0.614950787133583,-0.687374442865019,-0.366477238792493,0.077877568732127,2,-0.992272103815755,1.08648531562022,-0.567301524072706
8.86666666666667,2,Obstacles15_T1,1.38595447264178,-5.23874897765648,0.595896144494544,-0.644376433661465,-0.308882970800748,0.057285370678744,-0.593610199134286,-1.03184611709137,1.05082299983862,-0.668920528646995
8.93333333333333,2,Obstacles15_T1,5.19338298419003,-5.44116657843107,0.588169489198416,-0.68519614148952,-0.129658126358247,0.048641495588194,-1.06709755190035,-1.10298595388473,1.08129328019792,-0.757016642943295
9,2,Obstacles15_T1,8.85790682372508,-5.88192659202596,0.587451357106744,-0.781123427210165,0.031503898846315,0.050741755511281,-1.55892264641834,-1.20691413031262,1.17490096029812,-0.836622590222913
9.06666666666667,2,Obstacles15_T1,11.4309599521696,-6.53944611814361,0.59107875152575,-0.875660229463753,0.128622207606279,0.0593165693517,-1.95535820611064,-1.33727134405333,1.31211468455011,-0.916670888872108
9.13333333333333,2,Obstacles15_T1,13.6095965181402,-7.17249435573714,0.601580500562901,-0.939543865844668,0.207335819675446,0.073138957330063,-2.30223033024993,-1.49075336606999,1.48609099615854,-0.998497947291448
9.2,2,Obstacles15_T1,15.0124134395392,-7.66633674042143,0.620886648420976,-0.97966292329292,0.254044953076647,0.090075287535173,-2.53823977447844,-1.65996935103522,1.68355875097993,-1.08305683407877
9.26666666666667,2,Obstacles15_T1,12.1135748668973,-7.91320666498661,0.637425825908659,-0.991883981329191,0.099107347470436,0.096682444033202,-2.23661650625005,-1.80907711811856,1.82983907854281,-1.18528945165479
9.33333333333333,0,Obstacles15_T1,4.86443671500704,-7.84655672073455,0.63846690396667,-0.965822168359243,-0.451886670236153,0.066556666017458,2,-1.67574378478522,1.61830870737921,-1.17459760059616
9.4,0,Obstacles15_T1,0.159707479073399,-7.57602853893171,0.627852911964395,-0.933633089714478,-0.542721425829805,0.030375237628805,2,-1.54241045145189,1.38659283497259,-1.18409125078056
9.46666666666667,0,Obstacles15_T1,-0.182746111370565,-7.36679773079391,0.619995074003253,-0.957179082508418,-0.536023597322653,-0.005359668859372,2,-1.40907711811856,1.15636536890089,-1.19209649463004
9.53333333333333,2,Obstacles15_T1,0.133173722961895,-7.31902144396564,0.621539344881673,-1.05374032905703,-0.466808983928944,-0.036480267787969,-0.753022863736012,-1.45927864236762,1.09446464267979,-1.33766642793291
9.6,2,Obstacles15_T1,0.0661055026342,-7.43396881342599,0.62340992933273,-1.15534447425793,-0.47542859286291,-0.068175507312162,-0.762082568245677,-1.51008414691734,1.03115176472391,-1.48565514680499
9.66666666666667,2,Obstacles15_T1,0.166390991794082,-7.54551049077611,0.616759476145336,-1.18313118292077,-0.475603390730916,-0.099882400027557,-0.790147861962489,-1.56276067104817,0.969359225781618,-1.635241892632
9.73333333333333,2,Obstacles15_T1,0.343414119321226,-7.36411413360598,0.599249881039319,-1.11369767519241,-0.458475707632476,-0.130447447203055,-0.784147631122455,-1.61503717978967,0.911039492481208,-1.78068914050157
9.8,2,Obstacles15_T1,0.14627138688549,-6.90641415106447,0.570761781422757,-0.975146132660271,-0.447142294725148,-0.160256933518065,-0.693969896932055,-1.66130183958514,0.850228421260733,-1.91860797804783
9.86666666666667,0,Obstacles15_T1,-0.320234758011363,-6.18614761398208,0.537108399905303,-0.829381889306214,-0.456326933690449,-0.190678729097428,2,-1.5279685062518,0.637711324885073,-1.90890285220126
9.93333333333333,2,Obstacles15_T1,0.795535138315586,-5.23134523907142,0.50972719388437,-0.747928075165487,-0.337780969757269,-0.21319746041458,-0.523707885101595,-1.56288236525858,0.591743769666883,-2.01306017243075
10,2,Obstacles15_T1,4.49336141875072,-4.26963415882972,0.495426056404547,-0.758428583213995,-0.110326470666545,-0.220552558459016,-0.81350184813168,-1.61711582180069,0.612421323303855,-2.08277171303063
10.0666666666667,2,Obstacles15_T1,8.39079860053962,-3.64020464004542,0.493152104334989,-0.824948349712959,0.111697680822504,-0.213106046404182,-1.17534712194365,-1.69547229659693,0.702540092483501,-2.12324706851138
10.1333333333333,2,Obstacles15_T1,11.0712885771926,-3.30798608748331,0.502115251343321,-0.891271036499405,0.259755961211784,-0.195788982323397,-1.4389901563519,-1.79140497368706,0.84020753699456,-2.14546741915054
10.2,2,Obstacles15_T1,13.0226415693519,-2.90040936223975,0.523522035756627,-0.93167202842749,0.375178729799279,-0.170777067003445,-1.60658572607473,-1.89851068875871,1.01283535062077,-2.15134913064374
10.2666666666667,2,Obstacles15_T1,14.9219207351188,-2.41678030471183,0.553452807839928,-0.942543680628357,0.491528087094762,-0.138008527863794,-1.75694581969535,-2.01564041007173,1.21967191551379,-2.13972876793909
10.3333333333333,2,Obstacles15_T1,16.1472578537105,-2.10950809799416,0.583893416817101,-0.914397625355122,0.56637319731694,-0.100250314709331,-1.8546487262321,-2.1392836584872,1.4485686663749,-2.11690409777044
10.4,0,Obstacles15_T1,12.760231864532,-2.00335505569081,0.609505614950052,-0.838326835695767,0.142754903605193,-0.090733321135652,2,-2.00595032515387,1.36918086717605,-1.97406967474706
10.4666666666667,0,Obstacles15_T1,4.90486725138848,-1.96921225954369,0.626644155610739,-0.741104162589999,-0.038230354412101,-0.093282011429792,2,-1.87261699182054,1.24957412175114,-1.87145419794976
10.5333333333333,0,Obstacles15_T1,0.059011836671676,-1.94663286966618,0.635924146420675,-0.698025112609953,-0.149770877707874,-0.103266736610317,2,-1.7392836584872,1.10518059337161,-1.79362550410706
10.6,0,Obstacles15_T1,-0.240294157487659,-2.14819214328335,0.641759158195773,-0.754165473141453,-0.17091182516412,-0.114660858287925,2,-1.60595032515387,0.956089076668475,-1.72049479858798
10.6666666666667,0,Obstacles15_T1,0.126931356316685,-2.75219253262183,0.648574642853148,-0.869150359722485,-0.204752433997416,-0.128311020554419,2,-1.47261699182054,0.799477424669053,-1.65488422836518
10.7333333333333,0,Obstacles15_T1,0.106244808769909,-3.7966658706662,0.65141083000838,-0.9388329156109,-0.278579226487958,-0.14688296898695,2,-1.3392836584872,0.626459818782833,-1.60567961202917
10.8,2,Obstacles15_T1,0.221840163253957,-4.94755150178901,0.639706975900305,-0.911966051605382,-0.35311125554584,-0.170423719356672,-0.415174908526253,-1.36696198572229,0.571055923579668,-1.70721405262415
10.8666666666667,2,Obstacles15_T1,0.100014219532123,-5.77714342742004,0.61133387906278,-0.820173076610183,-0.397382297748367,-0.196915872539897,-0.522777470589906,-1.40181381709495,0.511791939112802,-1.82456442271212
10.9333333333333,0,Obstacles15_T1,-0.382569530063734,-6.36569886546731,0.575223723242543,-0.723885739586239,-0.470390385491368,-0.228275231572655,2,-1.26848048376161,0.296149631225825,-1.81798450837686
11,2,Obstacles15_T1,1.33395514715535,-6.95744455786558,0.545162944332965,-0.683751890428418,-0.390676909612144,-0.254320358880131,-0.839890640485545,-1.32447319312732,0.255993131338997,-1.95146219053987
11.0666666666667,2,Obstacles15_T1,6.05345222101004,-7.31078943409546,0.528497750531518,-0.724483577406253,-0.173240418568068,-0.265869720118002,-1.44184188079817,-1.42059598518053,0.297597587257102,-2.07006238804378
11.1333333333333,2,Obstacles15_T1,9.5630894367531,-7.07258319619078,0.522338809139697,-0.81243475983183,0.011546353666052,-0.265099963206932,-1.81592772478641,-1.54165783349962,0.401048317226577,-2.16838140527279
11.2,2,Obstacles15_T1,11.1246794379006,-6.54616544112418,0.522112223943252,-0.888284747179363,0.113144610462667,-0.257556989176088,-1.9206467590436,-1.6697009507692,0.532894161720706,-2.24994075622796
11.2666666666667,2,Obstacles15_T1,12.7427485976648,-6.35080976238825,0.529106027458606,-0.933217281711541,0.202280435160836,-0.244071626832032,-2.08055558905718,-1.80840465670634,0.69343179114851,-2.32057597002872
11.3333333333333,2,Obstacles15_T1,14.9083111424177,-5.95584295098968,0.54680190623899,-0.971086479085844,0.327730252722412,-0.222222943317205,-2.27496938059775,-1.96006928207953,0.892647924008925,-2.37413421279029
11.4,2,Obstacles15_T1,15.6777691607462,-4.48460171874187,0.575430840145349,-1.00887221270744,0.433649037242951,-0.193313007501008,-2.14864264655396,-2.10331212518312,1.10838341264924,-2.39713679598929
11.4666666666667,0,Obstacles15_T1,11.059267708675,-2.67252138095285,0.602309523778911,-0.996013535184321,0.056056577552132,-0.189575902330866,2,-1.96997879184979,1.00972931877194,-2.27356866764438
11.5333333333333,0,Obstacles15_T1,3.37889233530253,-1.47054109628224,0.614070941128531,-0.926149454307832,-0.038836962450848,-0.192165033160922,2,-1.83664545851646,0.889987771560643,-2.17108799263346
11.6,0,Obstacles15_T1,-0.250079772756963,-0.746980925776799,0.615959793121677,-0.863330850525961,-0.072745944589856,-0.197014762800246,2,-1.70331212518312,0.762710894985113,-2.07614264698675
11.6666666666667,0,Obstacles15_T1,-0.097903083166841,-0.405368822878782,0.62348145276778,-0.848957554504096,-0.045205080881033,-0.200028434858981,2,-1.56997879184979,0.641554210344888,-1.97507710940476
11.7333333333333,0,Obstacles15_T1,0.172290373139874,-0.33858702657424,0.639225285299623,-0.849138259941913,-0.034207959983441,-0.202308965524544,2,-1.43664545851646,0.52284133034857,-1.87156776717886
11.8,0,Obstacles15_T1,0.092904261594984,-0.378794486093433,0.648405017618811,-0.800146701639866,-0.038884626119087,-0.204901273932483,2,-1.30331212518312,0.40308919121099,-1.76909768409421
11.8666666666667,0,Obstacles15_T1,0.142538112083605,-0.341599097353635,0.640866183383027,-0.710595557436606,-0.035114034248783,-0.207242209549069,2,-1.16997879184979,0.284174961377928,-1.66578969170505
11.9333333333333,0,Obstacles15_T1,0.232021861054968,-0.221705271717676,0.619538948944583,-0.61978069789533,-0.024605990619637,-0.208882608923711,2,-1.03664545851646,0.167595852351347,-1.56014657850942
12,0,Obstacles15_T1,0.177683730687315,-0.392966129157468,0.592940279607312,-0.533176087161351,-0.037900602520628,-0.21140931575842,2,-0.903312125183123,0.048062385124536,-1.457457823514
12.0666666666667,0,Obstacles15_T1,-0.033814507059049,-0.442503596701182,0.575144790410077,-0.445999873617424,-0.046316576267262,-0.214497087509571,2,-0.769978791849789,-0.073341298490413,-1.35663928490673
12.1333333333333,1,Obstacles15_T1,0.631683981778763,0.671126297485039,0.569100099872031,-0.382409956484078,-0.073836340093549,-0.219419510182474,0,-0.769978791849789,-0.089749374066756,-1.37304736048307
12.2,1,Obstacles15_T1,2.83954868952131,2.0283338350499,0.563703301405106,-0.366349260263671,0.098060374460382,-0.212882151885115,0,-0.769978791849789,-0.067958179742226,-1.35125616615854
12.2666666666667,1,Obstacles15_T1,5.52031481786651,2.57800847821791,0.556695732778858,-0.381805404821285,0.256155401157418,-0.195805125141287,0,-0.769978791849789,-0.011034757262799,-1.29433274367911
12.3333333333333,1,Obstacles15_T1,7.78685065077788,3.18609975702592,0.560705688527045,-0.395372520300048,0.396429120517237,-0.169376517106805,0,-0.769978791849789,0.077060602852141,-1.20623738356417
12.4,1,Obstacles15_T1,9.32375778598922,3.89949069465126,0.584939691950466,-0.395656404932208,0.505423051624376,-0.135681646998513,0,-0.769978791849789,0.189376836546447,-1.09392114986987
12.4666666666667,1,Obstacles15_T1,10.4475747993875,4.3532005970228,0.621071811014578,-0.394413162268255,0.581990258808505,-0.096882296411279,0,-0.769978791849789,0.318708005170561,-0.964589981245754
12.5333333333333,1,Obstacles15_T1,11.6794838552024,5.05586882153801,0.663096030825696,-0.398361423761263,0.675385576805788,-0.051856591290894,0,-0.769978791849789,0.468793688905177,-0.814504297511137
12.6,0,Obstacles15_T1,11.8906816116607,6.20922154699392,0.711218005509249,-0.387103591923719,0.699149920798762,-0.005246596570976,2,-0.636645458516456,0.51304922686046,-0.548026537333633
12.6666666666667,0,Obstacles15_T1,8.25353416756351,5.63654047319274,0.754031832605669,-0.348230581906249,0.574026848155445,0.03302185997272,2,-0.503312125183123,0.529499637561669,-0.309353904410202
12.7333333333333,0,Obstacles15_T1,2.33548091556857,2.21721211982161,0.781774170524841,-0.312354373218187,0.19576207140824,0.04607266473327,2,-0.369978791849789,0.461891208985724,-0.154740110763924
12.8,0,Obstacles15_T1,-0.287490645287904,-0.328238384218945,0.797566904349077,-0.300041299074249,-0.044214816361495,0.04312501030917,2,-0.236645458516456,0.340954583127613,-0.053454514399813
12.8666666666667,1,Obstacles15_T1,0.051476755033139,-0.311579123714461,0.805755846736229,-0.29738242910839,-0.147865101745133,0.033267336859495,0,-0.236645458516456,0.308095671628697,-0.08631342589873
12.9333333333333,0,Obstacles15_T1,0.231299603109322,0.057371280453106,0.804299888176024,-0.277147100451154,-0.005025842591846,0.032932280686705,2,-0.103312125183123,0.195867706608286,0.023680831303081
13,0,Obstacles15_T1,-0.153346163362752,0.0363565679678,0.787298559897827,-0.241966730766796,-0.015481036394679,0.031900211593726,2,0.030021208150211,0.081316365187244,0.131351712104262
13.0666666666667,0,Obstacles15_T1,-0.744922510948296,-0.071271567978155,0.757308963477198,-0.204119074480577,-0.036849079715188,0.02944360627938,-2,-0.103312125183123,0.184238791917202,0.012051916611998
13.1333333333333,0,Obstacles15_T1,-1.33388281437337,-0.203573176736251,0.725120051608344,-0.154031321796897,-0.059888645395187,0.025451029919701,2,0.030021208150211,0.059819092940494,0.109854439857512
13.2,3,Obstacles15_T1,-1.75643929310037,0.438442641694941,0.701914712664939,-0.083351799289674,-0.202827983715935,0.011929164338639,0.328744675264416,0.051937519834505,-0.003517385399958,0.083045147657551
13.2666666666667,3,Obstacles15_T1,-2.23939663684849,2.69028733771233,0.690098877226993,0.013050276643404,-0.122952514097933,0.003732330065443,0.583880437361748,0.090862882325288,-0.063277968386263,0.08816016882255
13.3333333333333,3,Obstacles15_T1,-2.93590033512398,5.61897864821904,0.679660405960777,0.127611857614875,-0.022454994305214,0.002235330445096,0.926528008605884,0.152631416232347,-0.119741745376636,0.134643948343942
13.4,3,Obstacles15_T1,-3.72518343368377,7.70886756611116,0.669975857497468,0.234503532439664,0.034785418816792,0.004554358366215,1.21730257465165,0.233784921209123,-0.179639573120219,0.210001962228319
13.4666666666667,3,Obstacles15_T1,-4.2724407307362,9.21321810058055,0.677354318218389,0.318865714307321,0.07702277988119,0.009689210358294,1.4233025286085,0.32867175644969,-0.241595762513762,0.306190498235722
13.5333333333333,3,Obstacles15_T1,-3.99468627842783,11.1708346702404,0.709225412031295,0.399709440775467,0.181009197511483,0.021756490192393,1.53467349074138,0.430983322499115,-0.286631134774619,0.431674402723906
13.6,3,Obstacles15_T1,-3.01012057688213,13.4061324711253,0.74993440695931,0.489762096397608,0.332797921806648,0.043943018312837,1.55619333084634,0.534729544555538,-0.299131226086825,0.592084681505738
13.6666666666667,3,Obstacles15_T1,-2.52342154796341,13.476361951221,0.775616183577859,0.558631757625871,0.360137694870654,0.06795219797088,1.4847236218905,0.633711119348238,-0.301585272887265,0.754599926026465
13.7333333333333,0,Obstacles15_T1,-3.67772238414429,8.35807383139003,0.778849750840709,0.59266033696718,0.486601258379351,0.100392281862837,-2,0.500377786014905,-0.082340548802964,0.751622427888544
13.8,0,Obstacles15_T1,-5.74819364731187,1.65416805542085,0.773859442746454,0.633416067793728,-0.032488066291639,0.098226410776728,-2,0.367044452681572,0.021550992021117,0.633291746490403
13.8666666666667,0,Obstacles15_T1,-6.71637791177007,-0.609550845582048,0.774854281139474,0.718848555447908,-0.214050640968852,0.083956368045471,-2,0.233711119348238,0.085095294028038,0.474613826275102
13.9333333333333,0,Obstacles15_T1,-6.49514576593482,-0.148090164774545,0.778832153344366,0.829503165446076,-0.176481807664822,0.072190914201149,-2,0.100377786014905,0.156988225658076,0.324284535682917
14,0,Obstacles15_T1,-6.40975928589351,0.034326365516534,0.771915289548456,0.89710989268592,-0.161679013286516,0.061412313315382,-2,-0.032955547318428,0.232170667149963,0.177244754952583
14.0666666666667,3,Obstacles15_T1,-6.4925021084755,0.033171536712553,0.749464894834938,0.87943422200801,-0.45605127977891,0.031008894663454,1.04628553515915,0.036796821692182,0.072698964134695,0.134027000288332
14.1333333333333,3,Obstacles15_T1,-5.94652181684921,0.026066598829651,0.71922612031696,0.785563683507941,-0.429340256943345,0.002386210867231,0.959295299366204,0.100749841649929,-0.076004165150838,0.091912237599044
14.2,0,Obstacles15_T1,-4.99741629710556,-0.097576584153155,0.690241225971222,0.662038297540873,-0.137970335377166,-0.006811811491246,-2,-0.032583491683405,0.004446871432018,-0.049858948040324
14.2666666666667,3,Obstacles15_T1,-4.39548020923527,0.489215302539689,0.673301173145003,0.577806144823188,-0.331180608438243,-0.028890518720463,0.750522939067568,0.0174513709211,-0.110844538169127,-0.081758919967293
14.3333333333333,3,Obstacles15_T1,-4.43402106383173,2.34883003564256,0.6722930966816,0.582247478318392,-0.247375178167571,-0.045382197264968,0.904185638346178,0.077730413477512,-0.21604933544782,-0.086498646318633
14.4,3,Obstacles15_T1,-4.80044554882853,4.59491152971263,0.674894922451952,0.65614862548172,-0.161994307660018,-0.056181817775635,1.14041740969501,0.153758240790512,-0.31540459324421,-0.059140858593357
14.4666666666667,3,Obstacles15_T1,-5.17761629981424,6.80442697168286,0.670191036661633,0.740156176737698,-0.078831039653581,-0.061437220419207,1.37544872716395,0.245454822601443,-0.409336420231892,-0.000245049229487
14.5333333333333,3,Obstacles15_T1,-5.72577696388013,8.75865759867734,0.664104617349677,0.801923898987369,-0.015902368162508,-0.062497378296708,1.61729000690959,0.353274156395415,-0.502719724651873,0.086070536007153
14.6,3,Obstacles15_T1,-6.63930412097021,10.8092704413653,0.66949015236463,0.860450256182377,0.033374795556436,-0.060272391926279,1.92461531438745,0.481581844021245,-0.602226176438634,0.200410230263441
14.6666666666667,3,Obstacles15_T1,-7.50781134131092,12.5222869028017,0.68048433785822,0.92322691447293,0.06932085200172,-0.055651001792831,2.19802562063201,0.628116885396712,-0.70893407714003,0.337927398521157
14.7333333333333,0,Obstacles15_T1,-8.18528991196504,10.1791179161888,0.680610330124035,0.962758931602028,0.509247861108435,-0.021701144385602,-2,0.494783552063379,-0.484656774671489,0.339982478767476
14.8,0,Obstacles15_T1,-9.26190010365546,3.73824105030101,0.668410644767739,0.978347240788769,0.0318302648296,-0.019579126730295,-2,0.361450218730046,-0.366472271376022,0.235944759840722
14.8666666666667,0,Obstacles15_T1,-10.189051981416,-0.236961255354348,0.656258069140129,1.01082211839823,-0.268956332200209,-0.037509548876976,-2,0.228116885396713,-0.315129234087181,0.065065574907341
14.9333333333333,0,Obstacles15_T1,-9.54405016731398,-0.348737098781318,0.65088795849162,1.08254870832766,-0.261747822854215,-0.054959403733924,-2,0.094783552063379,-0.262184305832562,-0.104211719060264
15,3,Obstacles15_T1,-8.09268726690332,0.024846198833234,0.644001345529269,1.15560506016953,-0.535680762529763,-0.090671454569241,1.29892769809747,0.181378731936544,-0.453387125177923,-0.151089238617017
15.0666666666667,3,Obstacles15_T1,-7.57981582742559,0.059797961546147,0.627035420395474,1.16821505894924,-0.508670891036197,-0.124582847304987,1.22051568966017,0.262746444580555,-0.634231528167086,-0.196320787199494
15.1333333333333,3,Obstacles15_T1,-7.62031999412239,0.070654868173936,0.601605602147192,1.10424331060528,-0.510176352523534,-0.15859460413989,1.22778883784035,0.344599033769912,-0.815814541941226,-0.241482818991373
15.2,0,Obstacles15_T1,-7.00535972385106,-0.196667231149452,0.575825710629429,0.997011797703154,-0.191803833390576,-0.171381526365928,-2,0.211265700436579,-0.747326504916909,-0.395217004189278
15.2666666666667,3,Obstacles15_T1,-5.68009791301185,0.057319716161569,0.557246750407849,0.896037095124719,-0.414705652033193,-0.199028569834808,0.919601440459483,0.272572463133877,-0.890572285394257,-0.436284846837796
15.3333333333333,3,Obstacles15_T1,-4.48013348331538,1.66218539936037,0.547934951854184,0.839486372831632,-0.281307888078076,-0.217782429040013,0.856999273743565,0.329705748050115,-1.00069622017514,-0.451186640091614
15.4,3,Obstacles15_T1,-4.15313225486404,3.62624861201298,0.543928742557078,0.832981180261599,-0.174585488001642,-0.229421461573455,0.961086218057698,0.393778162587295,-1.0928866740676,-0.436589736422104
15.4666666666667,3,Obstacles15_T1,-4.33396235261495,5.54245028224499,0.541914591246384,0.854861635806781,-0.095218401161223,-0.235769354984204,1.14176294062291,0.469895691962156,-1.17747759324914,-0.39431810664555
15.5333333333333,3,Obstacles15_T1,-4.32712549066859,7.2926899492652,0.546475746900667,0.888112160928557,-0.014207094492603,-0.236716494617044,1.27956353799912,0.555199927828764,-1.25172158858078,-0.326388375532843
15.6,3,Obstacles15_T1,-3.95740512297681,9.09001035420746,0.562315472366014,0.92496492776134,0.086945305424412,-0.230920140922083,1.36365704855712,0.646110397732572,-1.30815913451742,-0.2313084716298
15.6666666666667,3,Obstacles15_T1,-3.56456878292628,10.3293169404287,0.581243644816896,0.949300159225634,0.163522285037794,-0.220018655252897,1.3998125753174,0.739431236087065,-1.34958821424888,-0.117202820770436
15.7333333333333,0,Obstacles15_T1,-3.39091650073081,8.20187175261063,0.589867322356392,0.940928998799819,0.482328064604611,-0.187863450945923,-2,0.606097902753731,-1.13129308878119,-0.121129917524967
15.8,0,Obstacles15_T1,-3.60602927607605,2.84381189376461,0.592525396957843,0.913100921904046,0.101058443895446,-0.181126221352893,-2,0.472764569420398,-0.997724545693308,-0.209783596659312
15.8666666666667,0,Obstacles15_T1,-4.14769798912046,-0.49486424301783,0.602994202406898,0.908579859502108,-0.146031636591828,-0.190861663792348,-2,0.339431236087065,-0.919064909380381,-0.353346182568606
15.9333333333333,0,Obstacles15_T1,-4.51263586108304,-0.411157167337823,0.61890674657178,0.943205630112113,-0.148673092209912,-0.200773203273009,-2,0.206097902753731,-0.840992263204806,-0.497495758615254
16,3,Obstacles15_T1,-4.41899644017045,0.08782500913839,0.624157905619909,0.976253828468646,-0.350846236601308,-0.224162952379763,0.722394838376762,0.254257558645516,-0.95909114013714,-0.535328542394613
16.0666666666667,3,Obstacles15_T1,-4.18215586620233,0.068824672972804,0.612394839114764,0.948686005009847,-0.339992984513699,-0.246829151347343,0.683396250302646,0.299817308665692,-1.07261159504589,-0.572916080603067
16.1333333333333,0,Obstacles15_T1,-3.9617832729669,0.010809153416027,0.595514573460214,0.852313411599122,-0.106182628513207,-0.253907993248223,-2,0.166483975332359,-0.985096623604376,-0.707623331383777
16.2,0,Obstacles15_T1,-3.28869179820255,-0.009181113458468,0.584301021877477,0.730539352109672,-0.091873101922547,-0.260032866709726,-2,0.033150641999025,-0.894401757364941,-0.839150687366566
16.2666666666667,0,Obstacles15_T1,-2.25455023533844,-0.093682004652519,0.577900625056218,0.629851645403514,-0.073664887428872,-0.264943859204984,-2,-0.100182691334308,-0.799660621238023,-0.96663177346187
16.3333333333333,0,Obstacles15_T1,-1.67933710841285,-0.214957290361042,0.575228961369399,0.573871521025839,-0.068752648317294,-0.269527369092804,2,0.033150641999025,-0.926050098641867,-0.870799028643492
16.4,3,Obstacles15_T1,-1.90115213477177,0.082247535731274,0.577348747681116,0.567250334281527,-0.22641246074035,-0.284621533142161,0.323387776190859,0.054709827078416,-0.99432996637255,-0.903146921241857
16.4666666666667,3,Obstacles15_T1,-2.59803720444156,1.25639788640955,0.580574926046174,0.59611991514777,-0.206804810108147,-0.298408520482704,0.526871561384844,0.089834597837406,-1.06955723314018,-0.919832903411175
16.5333333333333,3,Obstacles15_T1,-3.37097029690423,3.31303967304027,0.579865420473319,0.639942861672745,-0.150287137569556,-0.308427662987341,0.812419803066871,0.143995918041864,-1.14808880832602,-0.908095611589583
16.6,3,Obstacles15_T1,-3.96329175233129,5.7784391670829,0.57518294032255,0.685356515335756,-0.065984441117574,-0.312826625728513,1.10181319319816,0.217450130921741,-1.22396386152983,-0.861546976660259
16.6666666666667,3,Obstacles15_T1,-4.05227644549347,7.28648088699063,0.573086269082223,0.723885766563823,-0.00088197378957,-0.312885423981151,1.23556336121907,0.299821021669679,-1.2928022646619,-0.793100561879104
16.7333333333333,3,Obstacles15_T1,-3.79540906129743,8.02361070326204,0.583092383582701,0.756600961022963,0.045814907559102,-0.309831096810544,1.25339411170818,0.383380629116891,-1.35225418029922,-0.713286465104404
16.8,3,Obstacles15_T1,-3.73729014019439,9.40616236202168,0.607438954400127,0.795633643185632,0.112418230229504,-0.302336548128577,1.3539006459909,0.473640672182951,-1.40248905391438,-0.613087933609464
16.8666666666667,3,Obstacles15_T1,-3.808273237537,10.2818552288752,0.631881670920709,0.834304979079651,0.149265719453434,-0.292385500165015,1.43462387382241,0.569282263771112,-1.44902022035931,-0.500216447407457
16.9333333333333,0,Obstacles15_T1,-3.89922962578632,7.48844672412185,0.639150685556221,0.845567442222574,0.42036418564187,-0.264361221122223,-2,0.435948930437779,-1.24449484577223,-0.517913295042594
17,0,Obstacles15_T1,-4.70447347256257,2.38323433274845,0.632660919827767,0.836465999994059,0.043073185874744,-0.26148967539724,-2,0.302615597104445,-1.12381191557784,-0.619452587070429
17.0666666666667,0,Obstacles15_T1,-6.30171561134896,-0.216298260960419,0.629087043895022,0.862642917149335,-0.176755832205342,-0.273273397544263,-2,0.169282263771112,-1.05197987829014,-0.76984277200495
17.1333333333333,0,Obstacles15_T1,-7.47921809374645,-0.290797428836474,0.629306769028712,0.944143966617288,-0.209475923383198,-0.287238459103143,-2,0.035948930437779,-0.987418972375292,-0.927504088312328
17.2,0,Obstacles15_T1,-7.97093800893612,-0.188438092216587,0.619798127851774,1.02182081046263,-0.21376731594116,-0.30148961349922,-2,-0.097384402895555,-0.923811709251104,-1.08611904741036
17.2666666666667,0,Obstacles15_T1,-8.65509476287202,-0.125715915046102,0.597017948247785,1.03122127797497,-0.225334486931844,-0.31651191262801,2,0.035948930437779,-1.08499715079152,-1.02508226672855
17.3333333333333,3,Obstacles15_T1,-9.18913701298909,0.085497138647856,0.568897858848057,0.968184318164742,-0.587184544850362,-0.355657548951367,1.47730391949982,0.134435858404433,-1.29755504517492,-1.07349528116753
17.4,3,Obstacles15_T1,-8.72221699222905,0.044162694610926,0.540187738237526,0.868916723981575,-0.56596653253891,-0.393388651120628,1.40011246489804,0.227776689397636,-1.50110941156679,-1.12148159590406
17.4666666666667,0,Obstacles15_T1,-7.88061785527226,-0.163368152255949,0.513192524280788,0.782557463998758,-0.209898365931748,-0.407381875516078,-2,0.094443356064303,-1.43664238177385,-1.27923678833334
17.5333333333333,3,Obstacles15_T1,-7.28877972547874,0.156251440931291,0.49425138655431,0.746620730271565,-0.489812179265874,-0.44003602080047,1.18209951833324,0.173249990619852,-1.61116172818478,-1.32241174381836
17.6,3,Obstacles15_T1,-6.90561713882994,1.22330165098156,0.485857391764863,0.764883420906826,-0.421653979316548,-0.468146286088239,1.20611768673933,0.253657836402474,-1.77186915062952,-1.34910608995874
17.6666666666667,3,Obstacles15_T1,-6.82935471854336,2.66827492650631,0.483607736581813,0.816269974226423,-0.351274977273039,-0.491564617906442,1.30870538171593,0.340904861850202,-1.92263611122997,-1.35446134147964
17.7333333333333,3,Obstacles15_T1,-7.02500116197716,4.17003958137174,0.481639836033072,0.878554003818763,-0.291744029952901,-0.511014219903302,1.45884157995324,0.438160967180418,-2.06851487232802,-1.33824659369399
17.8,3,Obstacles15_T1,-7.13556575488582,5.54158707137416,0.477412457490045,0.938284681188518,-0.234001606007071,-0.52661432697044,1.58517683745521,0.543839423010765,-2.2085806090771,-1.30218157072583
17.8666666666667,3,Obstacles15_T1,-6.92437023111369,6.83952811305249,0.473881005093236,0.993040209298275,-0.163717397322287,-0.537528820125259,1.65473805317858,0.654155293222671,-2.33689214476976,-1.24663332273197
17.9333333333333,3,Obstacles15_T1,-6.6296483820886,8.32511526202358,0.476633283871581,1.04996749791806,-0.080647668825905,-0.54290533138032,1.72596725314683,0.769219776765793,-2.45070091857256,-1.16866795729624
18,3,Obstacles15_T1,-6.5205604083161,10.0924870392973,0.489015848250074,1.12197455336178,0.006217065368385,-0.542490860355761,1.84894136245402,0.892482534262727,-2.55203831307148,-1.0645674226336
18.0666666666667,3,Obstacles15_T1,-6.49724819736809,11.8031953110243,0.50639721505955,1.19599609133068,0.086222182057293,-0.536742714885275,1.98099713307974,1.02454900980138,-2.64293322445207,-0.935351541449766
18.1333333333333,3,Obstacles15_T1,-6.14286242128906,11.0386737867178,0.516504139386885,1.22816147706824,0.068533757101266,-0.53217379774519,1.86423394728748,1.14883127295388,-2.73127205327887,-0.8165532650224
18.2,0,Obstacles15_T1,-5.46603852711489,5.93034962097082,0.517013450519247,1.19858914424678,0.27437617526045,-0.513882052727827,-2,1.01549793962054,-2.55918845877654,-0.866691892742307
18.2666666666667,0,Obstacles15_T1,-4.88733093280975,0.84825734947551,0.52203629395612,1.14523077526864,-0.06898308397694,-0.518480924992956,-2,0.882164606287209,-2.46340692188253,-0.993132578070513
18.3333333333333,0,Obstacles15_T1,-4.59427412812962,-0.358054581718011,0.541124709998285,1.13326189584611,-0.146850018561989,-0.528270926230422,-2,0.748831272953875,-2.38492914822964,-1.13687702663984
18.4,3,Obstacles15_T1,-4.46364226464042,0.02708111930031,0.563090533442468,1.17353761296819,-0.355857056519844,-0.551994729998412,0.724642016599555,0.797140740727179,-2.50426638393402,-1.17569848272206
18.4666666666667,3,Obstacles15_T1,-4.40702588831198,0.035785349092019,0.569223081672769,1.20892924989983,-0.352652052817551,-0.575504866852915,0.71637056235002,0.84489877821718,-2.62243187135737,-1.2142672409954
18.5333333333333,0,Obstacles15_T1,-4.34864361241814,-0.011499655967991,0.559736762610026,1.18658079301271,-0.116780393987622,-0.58329022645209,-2,0.711565444883847,-2.53727195891017,-1.35132955077043
18.6,0,Obstacles15_T1,-4.14349249113131,0.037133371759411,0.547157150628031,1.10682740348558,-0.108576103702365,-0.590528633365581,-2,0.578232111550514,-2.45028887084403,-1.48656868492651
18.6666666666667,0,Obstacles15_T1,-3.62161961138587,-0.078867516934919,0.536470303863902,1.0005626571303,-0.10453871502019,-0.597497881033594,-2,0.44489877821718,-2.36240858529296,-1.62091062159766
18.7333333333333,0,Obstacles15_T1,-2.81463137600989,-0.229083245761471,0.52579106969572,0.89120709306274,-0.096247930593832,-0.603914409739849,-2,0.311565444883847,-2.2726859032027,-1.75341016172962
18.8,3,Obstacles15_T1,-2.14204858087208,0.307548671644513,0.514604476158868,0.795230979211714,-0.227957674729972,-0.619111588055181,0.379398517175788,0.336858679362233,-2.34442085965246,-1.78298972738208
18.8666666666667,3,Obstacles15_T1,-1.74171072716716,1.37536508907475,0.503072970849783,0.722786980910416,-0.158913590080431,-0.629705827393876,0.400758709986503,0.363575926694667,-2.40199936355848,-1.79603948573403
18.9333333333333,3,Obstacles15_T1,-1.39542345027783,2.01526159929147,0.493269533298129,0.677046561249749,-0.112270095028807,-0.637190500395796,0.396719119563435,0.390023867998896,-2.44898822465173,-1.79894844465357
19,3,Obstacles15_T1,-1.09693627171721,2.63603837085262,0.490748116760535,0.655641962773769,-0.068875072039781,-0.641782171865115,0.398728924010328,0.416605796266251,-2.48644540310559,-1.79210240932851
19.0666666666667,3,Obstacles15_T1,-0.921700493751672,3.96951765832881,0.497684530739703,0.655913260648906,0.001266349743851,-0.641697748548858,0.47680240759809,0.448392623439457,-2.51265301469574,-1.76533197562998
19.1333333333333,3,Obstacles15_T1,-0.847581656712944,5.44159324267237,0.50977496562743,0.671866026171703,0.072788405542815,-0.636845188179337,0.581880011816784,0.487184624227242,-2.52880448078716,-1.71683010707509
19.2,3,Obstacles15_T1,-0.737999095319131,6.85547636374904,0.526152810862534,0.697084552391182,0.143384496861454,-0.627286221721907,0.67672623700973,0.532299706694558,-2.53453716131849,-1.64737098349423
19.2666666666667,3,Obstacles15_T1,-0.634276808870552,9.21956248160717,0.549944296686728,0.735681507893759,0.257487495734327,-0.610120388672952,0.847899448137127,0.588826336570366,-2.52442324271848,-1.5430460151012
19.3333333333333,3,Obstacles15_T1,-0.743340812173047,11.8439425882973,0.57503620559064,0.768979386797632,0.373050280149953,-0.585250369996288,1.07341038654962,0.660387029007007,-2.5011570908268,-1.40051204248179
19.4,0,Obstacles15_T1,-0.846599132897998,11.0166443861621,0.588669977578878,0.761519886143042,0.739380821807627,-0.535958315209113,-2,0.527053695673674,-2.22573913042511,-1.34731630430232
19.4666666666667,0,Obstacles15_T1,-0.922933548047792,5.49770568798984,0.591156127080495,0.711045908931636,0.350053911434843,-0.512621387780124,-2,0.393720362340341,-2.03683826121736,-1.3806376573168
19.5333333333333,0,Obstacles15_T1,-1.84741792269581,0.506268860184988,0.595749168682726,0.6748093241658,-0.022031324515036,-0.514090142747793,-2,0.260387029007007,-1.93062299999848,-1.49664461832014
19.6,0,Obstacles15_T1,-3.45513624201235,-0.472800104565269,0.604195124168055,0.70820706325136,-0.128314479650534,-0.522644441391162,-2,0.127053695673674,-1.8480262176986,-1.63627005824248
19.6666666666667,0,Obstacles15_T1,-4.48732946029704,-0.014943869379797,0.602070655748621,0.785992602070966,-0.120259858707329,-0.530661765304984,-2,-0.006279637659659,-1.76363951963356,-1.77410558239966
19.7333333333333,0,Obstacles15_T1,-5.21122723509958,0.015861074495191,0.582834797674622,0.839828129548878,-0.134996037459361,-0.539661501135608,0,-0.006279637659659,-1.79363863906898,-1.80410470183508
19.8,0,Obstacles15_T1,-6.48195008368486,-0.023321417043867,0.557032702975873,0.835363559511009,-0.167412380786339,-0.550822326521364,0,-0.006279637659659,-1.83084139035483,-1.84130745312093
19.8666666666667,3,Obstacles15_T1,-7.45363926585553,0.063870790928847,0.532880824966392,0.780501469292915,-0.502234540215424,-0.584304629202392,1.20086563662821,0.073778071448888,-2.00916382354871,-1.8862003711339
19.9333333333333,0,Obstacles15_T1,-7.56521912244648,-0.055252323695958,0.507208486987485,0.698833073461471,-0.194943418525533,-0.597300857104094,-2,-0.059555261884445,-1.94137347210994,-2.04063224191735
20,0,Obstacles15_T1,-7.21551727330598,-0.047869580237918,0.481998491153531,0.627397652272052,-0.186261236652022,-0.609718272880896,2,0.073778071448888,-2.09387596914373,-1.97091251672891
20.0666666666667,3,Obstacles15_T1,-6.28349971910393,1.16047606144542,0.466010937155441,0.604569442755432,-0.393740725919302,-0.635967654608849,1.10265377810524,0.147288323322571,-2.24263245146497,-1.99715191259402
20.1333333333333,3,Obstacles15_T1,-4.93004812392993,3.20657771312705,0.459149909844544,0.631953885384124,-0.232404218891713,-0.65146126920163,1.05076762771247,0.217339498503402,-2.35265381275827,-1.9904213152526
20.2,3,Obstacles15_T1,-3.6385147234585,5.22207798002157,0.454144432063192,0.670091431743865,-0.075544568946289,-0.656497573798049,1.00625463194339,0.284423140632961,-2.4253445298543,-1.9513059621327
20.2666666666667,3,Obstacles15_T1,-2.4707352813937,6.81198387762561,0.452163573304265,0.691495609376291,0.055569770081539,-0.65279292245928,0.947560147184342,0.347593817111917,-2.46563792245753,-1.88631489393767
20.3333333333333,3,Obstacles15_T1,-1.53641496102484,7.96326466876489,0.462010560785408,0.706044703915578,0.15490526678655,-0.64246590467351,0.891016054516177,0.406994887412996,-2.48071542175586,-1.80239060940087
20.4,3,Obstacles15_T1,-0.93334505382074,9.11119137416712,0.489470539020837,0.737311427969063,0.237681697322637,-0.626620458185334,0.886641402122349,0.466104314221152,-2.47715512246874,-1.70031459876682
20.4666666666667,3,Obstacles15_T1,-0.55839279529388,10.6928038607266,0.530679694996442,0.789953597890769,0.329150702391636,-0.604677078025892,0.952790138807944,0.529623656808349,-2.4569433074266,-1.57423721274602
20.5333333333333,3,Obstacles15_T1,-0.37063578477549,11.7819132230433,0.571159257246733,0.827944378959881,0.388648618052726,-0.57876717015571,1.00949062348488,0.59692303170734,-2.42665976027515,-1.43178804076292
20.6,0,Obstacles15_T1,-0.23763388615471,9.64686919091724,0.595253350781988,0.802727090651252,0.65741020309292,-0.534939823282849,-2,0.463589698374007,-2.16945749292117,-1.39680799563116
20.6666666666667,0,Obstacles15_T1,-0.091329946857124,4.16345224615704,0.605367895108878,0.715114309361445,0.275775135329938,-0.516554814260853,-2,0.330256365040674,-1.9970630184034,-1.44663574333562
20.7333333333333,0,Obstacles15_T1,0.019643908796483,0.193734078841545,0.619721325976925,0.630706221524613,-0.000391406556358,-0.516580908031277,-2,0.196923031707341,-1.88603888652704,-1.55783383368147
20.8,2,Obstacles15_T1,0.092470999374453,-0.356322353062064,0.640250675895392,0.601916587745821,-0.147897271742751,-0.52644072614746,0.273993750971993,0.21518928177214,-1.93412682196832,-1.57547801901475
