Time,Clus_label,trial,Mean Torque_L,Mean Torque_R,Mean Chair_LinVel,Mean Chair_AngVel,lin_acc_prediction,lin_velocity_prediction,ang_acc_prediction,ang_velocity_prediction
0.0,0,Obstacles15_T1,0.08869375895314187,-0.0684575911611457,0.0019923809324461075,0.008096500813365978,-0.08096499790047264,-0.005397666526698176,1000,0.0
0.06666666666666667,0,Obstacles15_T1,0.06350317180689649,-0.07368264301474263,0.000716824121992629,0.0027938619007524044,-0.08218457071543596,-0.01087663790772724,1000,0.0
0.13333333333333333,0,Obstacles15_T1,0.1749419495900223,-0.06825771265889283,-0.0004047532679726522,-0.0020607502242377842,-0.07763366327020371,-0.016052215459074155,1000,0.0
0.2,0,Obstacles15_T1,0.2278118553727191,-0.03613359447892338,-0.001602340846528719,-0.004065779734418471,-0.07406424225168833,-0.02098983160918671,1000,0.0
0.26666666666666666,0,Obstacles15_T1,0.13187387273252146,-0.035038900344283565,-0.0026277288269722448,-0.0031163735864393216,-0.07770698782581491,-0.026170297464241037,1000,0.0
0.3333333333333333,0,Obstacles15_T1,0.05012541595734985,-0.08838138534651085,-0.0029188824860397846,-0.002851828871531397,-0.08340132519454761,-0.03173038581054421,1000,0.0
0.4,0,Obstacles15_T1,0.08577673644217287,-0.08036711843259252,-0.003511794033290857,-0.004479774865322227,-0.08164574448254122,-0.03717343544271362,1000,0.0
0.4666666666666667,0,Obstacles15_T1,0.027215670852223223,-0.09039018443377572,-0.004806744371008106,-0.005560901497967118,-0.0843795525244152,-0.0427987389443413,1000,0.0
0.5333333333333333,1,Obstacles15_T1,0.08194693306068121,-0.11176640608366284,-0.00394090007760139,-0.006601463288084649,-0.08438086166959145,-0.048424129722314066,1000,0.0
0.6,1,Obstacles15_T1,0.9849193567366702,0.5403785864044945,0.002900713051923576,-0.006986085783567158,0.014472099661436588,-0.04745932307821829,1000,0.0
0.6666666666666666,1,Obstacles15_T1,2.5462365923989854,1.8309005267027445,0.01428948959291086,-0.00206035796645664,0.19705985348917043,-0.0343219995122736,1000,0.0
0.7333333333333333,1,Obstacles15_T1,4.222066816212033,3.1069670490791537,0.026767064765595025,0.007140666204761788,0.3852283431842285,-0.008640109966658364,1000,0.0
0.8,1,Obstacles15_T1,6.100823133759262,4.416694553631167,0.04136257735921028,0.005814623100570534,0.5875299683678491,0.030528554591198243,1000,0.0
0.8666666666666667,1,Obstacles15_T1,7.942763767529973,5.488658122324088,0.063976409253739,-0.013946911268299902,0.7706832563045948,0.0819074383448379,1000,0.0
0.9333333333333333,1,Obstacles15_T1,9.313256536529416,6.1475392904816495,0.09636442013497691,-0.036702310307728414,0.8970278388393612,0.14170929426746198,1000,0.0
1.0,1,Obstacles15_T1,10.05394939762401,6.698179679718742,0.13505570242215223,-0.04210508187812382,0.979238976990097,0.20699189273346846,1000,0.0
1.0666666666666667,1,Obstacles15_T1,10.324481893022696,7.182141257185072,0.1755564317558807,-0.028450506373503874,1.0295147033133172,0.27562620628768963,1000,0.0
1.1333333333333333,0,Obstacles15_T1,10.182818476971542,7.345279786442347,0.2147621700491584,-0.0095244101600399,0.6616351628536512,0.31973521714459974,1000,0.0
1.2,0,Obstacles15_T1,9.699541713724543,7.1676180537638325,0.2525306493269242,0.002876388107530283,0.634542899247474,0.36203807709443137,1000,0.0
1.2666666666666666,0,Obstacles15_T1,9.164900375063633,6.917808167739656,0.29162079649671396,0.012203665671113813,0.6020289869528797,0.40217334289129003,1000,0.0
1.3333333333333333,0,Obstacles15_T1,8.680332431688429,6.902589471629978,0.33255736587064183,0.02655224428947316,0.5826398214389062,0.4410159976538838,1000,0.0
1.4,0,Obstacles15_T1,8.092425885703976,7.1873862571491385,0.37206022770916686,0.04160669881367672,0.573589303747286,0.4792552845703695,1000,0.0
1.4666666666666666,0,Obstacles15_T1,7.3569661547395935,7.459087728172671,0.4088113015409006,0.05007388873893401,0.558230874702225,0.5164706762171845,1000,0.0
1.5333333333333332,0,Obstacles15_T1,6.732728387859558,7.697412253267412,0.4465937603122872,0.060698937609106975,0.54556312741724,0.5528415513783338,1000,0.0
1.6,0,Obstacles15_T1,6.175070062274347,8.302312018419894,0.4899888666177907,0.09300646754320196,0.5529549751959512,0.5897052163913972,1000,0.0
1.6666666666666667,0,Obstacles15_T1,5.448843386890356,9.194646578084846,0.5372505044032151,0.15005667798072292,0.5675727565135725,0.6275434001589687,1000,0.0
1.7333333333333334,0,Obstacles15_T1,4.742389251305838,9.926037457587462,0.5775626078419469,0.19648902344108227,0.575270796689222,0.6658947866049169,1000,0.0
1.8,0,Obstacles15_T1,3.715832934104805,9.28918923522964,0.5990197626078643,0.18962134912136436,0.5053391263825757,0.6995840616970885,1000,0.0
1.8666666666666667,0,Obstacles15_T1,1.7029446585771069,5.545526103670016,0.6050207424418322,0.13119825058640505,0.24914229633518165,0.7161935481194339,1000,0.0
1.9333333333333333,0,Obstacles15_T1,0.03370559725524435,0.9386617141174046,0.6148473953206598,0.07516665566891628,-0.03501661812819595,0.7138591069108875,1000,0.0
2.0,0,Obstacles15_T1,-0.18373124828298248,-0.6062288781777903,0.6368007262431498,0.06977970888840297,-0.11712318331851335,0.7060508946896533,1000,0.0
2.0666666666666664,1,Obstacles15_T1,-0.01614486933163338,-0.20140401743361708,0.6564724466398899,0.11738854129209965,-0.09646490383441811,0.6996199011006922,1000,0.0
2.1333333333333333,0,Obstacles15_T1,-0.1746682665878787,0.05117900902498832,0.6543416767054085,0.18318260840525455,-0.0853983931980701,0.6939266748874875,1000,0.0
2.2,0,Obstacles15_T1,-0.9730154257648174,-0.07588470418224921,0.6283367794733189,0.2343986263831723,-0.12221053302156967,0.6857793060193829,1000,0.0
2.2666666666666666,0,Obstacles15_T1,-2.1735993739042536,-0.12637229422287627,0.5944601239162138,0.26574866466306535,-0.17085986590817537,0.6743886482921712,1000,0.0
2.3333333333333335,3,Obstacles15_T1,-2.6010629721005154,0.9469672531513482,0.5687787287265266,0.2854019226990588,-0.11349900289680989,0.6668220480990505,0.8335940625299298,0.05557293750199532
2.4,3,Obstacles15_T1,-2.4075302264358154,2.7754927889522625,0.5553539152085955,0.3025631092741112,0.024858298545676366,0.6684792680020957,1.0191604313627942,0.12351696625951494
2.466666666666667,3,Obstacles15_T1,-2.0776130898095526,3.7328209821338887,0.5488477760433139,0.3151833066219403,0.10609964402869687,0.6755525776040088,1.0903695475331903,0.1962082694283943
2.533333333333333,3,Obstacles15_T1,-1.7893115621838227,4.116253566171103,0.5464766040233691,0.3214903618861606,0.1446532027917939,0.685196124456795,1.1011666133111029,0.26961937698246785
2.6,3,Obstacles15_T1,-1.6938433594068247,5.276287053211541,0.5516390546988239,0.3441445438739358,0.23137649582268882,0.7006212241783076,1.2219913138101397,0.3510854645698105
2.6666666666666665,3,Obstacles15_T1,-1.9269586450583955,7.191549236820134,0.565593284090229,0.40856468065201923,0.35951116159521024,0.7245886349513216,1.465825175499361,0.44880714293643453
2.7333333333333334,3,Obstacles15_T1,-2.8028976426299668,9.128799865906725,0.5845388066549978,0.5269910212208595,0.46446201916612384,0.7555527695623966,1.7851130567711462,0.567814680054511
2.8,3,Obstacles15_T1,-4.122849436061168,11.452779525128125,0.602322907724116,0.675488171960926,0.5799977985909027,0.7942192894684568,2.1986874358289725,0.7143938424431091
2.8666666666666667,3,Obstacles15_T1,-5.340388768728957,12.709918776204855,0.6077637775151785,0.7919125655131226,0.623103195216847,0.8357595024829132,2.4795554137089653,0.8796975366903734
2.933333333333333,0,Obstacles15_T1,-6.6939332279726855,8.956213429019913,0.5946178486442414,0.81897171094597,0.08852174231632998,0.8416609519706685,1000,0.0
3.0,0,Obstacles15_T1,-7.416361288362273,2.322801526296961,0.5808544533727983,0.7681570689122728,-0.2558912273026635,0.8246015368171575,1000,0.0
3.0666666666666664,0,Obstacles15_T1,-6.406286702262262,-0.5396328772843301,0.5913554794941763,0.7146203976666703,-0.3536026266862101,0.8010280283714102,1000,0.0
3.1333333333333333,0,Obstacles15_T1,-4.6967951497295735,-0.2692135605293339,0.618363769298197,0.7103905580334499,-0.27485647823169884,0.7827042631559636,1000,0.0
3.2,0,Obstacles15_T1,-3.9825246690320792,-0.05791667825728877,0.628237572491487,0.7393343525858102,-0.23726235021671926,0.7668867731415157,1000,0.0
3.2666666666666666,0,Obstacles15_T1,-4.058958422924335,0.018190483634404724,0.606460723683127,0.7418304667040693,-0.2365738249191969,0.7511151848135692,1000,0.0
3.3333333333333335,0,Obstacles15_T1,-3.5863684685676214,-0.09340380682697008,0.5728690133150793,0.6752766249134448,-0.2236983159727291,0.7362019637487206,1000,0.0
3.4,0,Obstacles15_T1,-2.284069722552786,-0.1351513963033684,0.5540542146812443,0.5685429056561475,-0.1755335575707973,0.7244997265773341,1000,0.0
3.466666666666667,3,Obstacles15_T1,-1.0481175626629833,1.218378187321033,0.556796630975471,0.5053004115813047,-0.03425806670438532,0.7222158554637084,0.6881440638851208,0.04587627092567472
3.533333333333333,3,Obstacles15_T1,-0.7724654034836902,3.6869728191491338,0.5713076516091243,0.5326417555096729,0.15308433713507008,0.7324214779393797,0.9370359086466502,0.10834533150211806
3.6,3,Obstacles15_T1,-0.7573319092314225,6.144504116562215,0.5857285570110933,0.6048107518623723,0.32960100719302493,0.7543948784189147,1.2142401228255753,0.18929467302382308
3.6666666666666665,1,Obstacles15_T1,0.3092177812881175,8.092855821728753,0.5936682520275678,0.6412755905925716,0.5161149891334336,0.7888025443611436,1000,0.0
3.7333333333333334,1,Obstacles15_T1,1.28241159671719,9.477805976230716,0.6041751120566746,0.6337159181777043,0.671486017283866,0.8335682788467347,1000,0.0
3.8,1,Obstacles15_T1,1.765963357440382,10.683835403835829,0.6302624700418819,0.6230781860121185,0.7857607862340849,0.8859523312623403,1000,0.0
3.8666666666666667,0,Obstacles15_T1,2.698889479839104,11.341352862877926,0.6702892657954514,0.6287235768304853,0.5641146397756719,0.9235599739140518,1000,0.0
3.933333333333333,0,Obstacles15_T1,3.343350320462392,9.458561111511537,0.7070428002903174,0.6338122914888775,0.49907670729477804,0.9568317544003703,1000,0.0
4.0,0,Obstacles15_T1,2.2085371691203344,4.340922456844528,0.7285656856444642,0.6179393590336291,0.2111234376851725,0.9709066502460484,1000,0.0
4.066666666666666,0,Obstacles15_T1,0.1192483039748151,0.1865257220094569,0.7431724858831591,0.5837847223300263,-0.06761876408217177,0.9663987326405703,1000,0.0
4.133333333333333,0,Obstacles15_T1,-0.4369732231547896,-0.4089918131912964,0.7604541131614589,0.5436719548334062,-0.11746321762272657,0.9585678514657219,1000,0.0
4.2,1,Obstacles15_T1,0.04546701791208987,0.06127061977652198,0.7741104599404155,0.49936105682272974,-0.0741007027083953,0.9536278046184955,1000,0.0
4.266666666666667,0,Obstacles15_T1,0.19666942504636825,0.11875578149511813,0.7751894903927427,0.44380856810642966,-0.06787135569275503,0.9491030475723118,1000,0.0
4.333333333333333,0,Obstacles15_T1,0.04340673787499135,0.04935712702777675,0.7655784795475933,0.37576220724384307,-0.07708632267043992,0.9439639593942825,1000,0.0
4.4,0,Obstacles15_T1,-0.11856254950414825,-0.11355502025498153,0.7512204892507603,0.30121340795097684,-0.09109968458389539,0.9378906470886894,1000,0.0
4.466666666666667,0,Obstacles15_T1,-0.09152007344666913,-0.1549051850143549,0.7357269134690394,0.23478615928172375,-0.09203165649123422,0.9317552033226071,1000,0.0
4.533333333333333,1,Obstacles15_T1,0.4464854376374793,0.556675967281564,0.7234570424116714,0.18456756868890423,-0.015467345160669638,0.9307240469785625,1000,0.0
4.6,1,Obstacles15_T1,1.1406285424630058,1.3679055308267,0.7193838835166068,0.14858934785851283,0.08271002943113123,0.9362380489406379,1000,0.0
4.666666666666667,1,Obstacles15_T1,1.4806115646744755,1.7948545344249442,0.7236524428233324,0.12361318296955152,0.13291651080237143,0.945099149660796,1000,0.0
4.733333333333333,0,Obstacles15_T1,1.7825892440735969,1.6629103964686731,0.7336164552616199,0.0952495150393451,0.06690635010099799,0.9495595730008626,1000,0.0
4.8,0,Obstacles15_T1,2.9633369635498075,0.5367006035524733,0.750487117833647,0.045867642048265815,0.05863213143312196,0.9534683817630707,1000,0.0
4.866666666666666,2,Obstacles15_T1,5.358522971142629,-0.6395006114861637,0.7734074658945658,-0.024397409001660063,0.19793541291321248,0.9666640759572849,-0.20366667732248797,-0.013577778488165864
4.933333333333334,2,Obstacles15_T1,8.02652765193919,-0.8111620918085909,0.7958561340124294,-0.10064339009413634,0.34387742081724326,0.9895892373451011,-0.7979257194639794,-0.06677282645243116
5.0,2,Obstacles15_T1,10.207144543036302,-0.6378783233295919,0.8085916720372294,-0.1514449271993228,0.4781252818238876,1.0214642561333602,-1.2180018097589975,-0.147972947103031
5.066666666666666,2,Obstacles15_T1,9.31236551115559,-1.3326324813268036,0.808742941260941,-0.16416252668508413,0.3932743598735834,1.0476825467915991,-1.1761424561539806,-0.22638244417996303
5.133333333333333,0,Obstacles15_T1,4.131781681482987,-2.5360856384688857,0.8033874819840913,-0.15925112994686688,-0.04301908475673523,1.0448146078078167,1000,0.0
5.2,0,Obstacles15_T1,0.06464956318165152,-3.20249562186278,0.7971965254125846,-0.1839176691277747,-0.23146750861730894,1.0293834405666626,1000,0.0
5.266666666666667,0,Obstacles15_T1,-0.24311202213025204,-3.4549407857959062,0.7901642109968572,-0.27752283571587727,-0.2553690614728844,1.0123588364684704,1000,0.0
5.333333333333333,0,Obstacles15_T1,0.1114083340809679,-4.090926520652976,0.7814560302354119,-0.4140137801374047,-0.2720682636688121,0.9942209522238828,1000,0.0
5.4,2,Obstacles15_T1,0.030475331196691238,-5.476978947118607,0.7740490672055842,-0.5439146857846379,-0.3407498200771172,0.971504297552075,-0.10100487542586034,-0.006733658361724022
5.466666666666667,2,Obstacles15_T1,0.0973955391649595,-7.204587957544844,0.7657896997897524,-0.6130130430937281,-0.41933635491474447,0.9435485405577587,-0.47654733496547386,-0.03850348069275561
5.533333333333333,2,Obstacles15_T1,0.053056953833641264,-8.041793569021733,0.7441567163863632,-0.5979390783724321,-0.46185470377184584,0.912758226972969,-0.642471205156318,-0.08133489436984348
5.6,0,Obstacles15_T1,-0.3815766506689686,-7.816503605734646,0.7096023189840435,-0.5373160771592081,-0.46886378615457225,0.8815006412293309,1000,0.0
5.666666666666667,2,Obstacles15_T1,0.4711446494698672,-7.627876836555406,0.675123197868305,-0.5206124005549055,-0.41794635426051346,0.8536375509452967,-0.643344065710171,-0.04288960438067806
5.733333333333333,2,Obstacles15_T1,3.796811274988433,-7.770841788066133,0.6521088914412659,-0.6093374710397145,-0.23264060536145129,0.8381281772545333,-1.3692271665937281,-0.1341714154869266
5.8,2,Obstacles15_T1,6.959837884337643,-7.665092706713872,0.6437484786664132,-0.7585564112357313,-0.044860590060555705,0.8351374712504962,-2.0090259007633273,-0.2681064755378151
5.866666666666666,2,Obstacles15_T1,9.046280990004117,-7.226015805883978,0.6462371779115261,-0.8740506521414395,0.09663206299587701,0.8415796087835546,-2.3537714473865554,-0.4250245720302521
5.933333333333334,2,Obstacles15_T1,11.092198028946598,-7.203615924686543,0.6573670315856787,-0.9252991561055803,0.21589695301501194,0.8559727389845554,-2.7772343827073023,-0.6101735308774057
6.0,2,Obstacles15_T1,12.410505598897364,-7.816144315090264,0.6733225801018904,-0.9512867235375403,0.26282384419066346,0.8734943285972663,-3.1813018551599295,-0.822260321221401
6.066666666666666,2,Obstacles15_T1,11.047352015295054,-8.432241959485127,0.6872120351778933,-0.9735785661663969,0.154668187691321,0.883805541110021,-3.0249649050852803,-1.0239246482270863
6.133333333333333,0,Obstacles15_T1,5.969744532187607,-8.605883118083208,0.6928798033617513,-0.9803812954025916,-0.26192089179345857,0.8663441483237904,1000,0.0
6.2,0,Obstacles15_T1,1.0290306448230897,-8.49392641154599,0.6902458596886237,-0.9769865949346114,-0.4468661038163695,0.8365530747360324,1000,0.0
6.266666666666667,0,Obstacles15_T1,-0.19336145285511985,-8.35823267731567,0.6870373876272657,-0.9952844637603232,-0.4874695930068165,0.8040551018689113,1000,0.0
6.333333333333333,2,Obstacles15_T1,0.11034997218139676,-8.144144757125064,0.68967362660568,-1.0503727305042125,-0.4634296539619229,0.7731597916047831,-0.6758800665598276,-0.04505867110398851
6.4,2,Obstacles15_T1,0.10811062456341226,-7.9955692588405025,0.6932269188819846,-1.1168830795643976,-0.4564680456543657,0.7427285885611588,-0.6443189319821467,-0.08801326656946495
6.466666666666667,2,Obstacles15_T1,0.1303978134606849,-7.948660282091232,0.6881068783042444,-1.1514390962791752,-0.45294168168647775,0.7125324764487269,-0.6391663121900466,-0.1306243540488014
6.533333333333333,2,Obstacles15_T1,0.2909224688259614,-7.759998738710671,0.6702747689932577,-1.1249755591285568,-0.4346637786105659,0.6835548912080225,-0.6332780847815763,-0.17284289303423983
6.6,2,Obstacles15_T1,0.11432721513807866,-7.504739878775221,0.6405402179799704,-1.0245656562818204,-0.43268336681515296,0.6547093334203457,-0.5429036543571435,-0.20903646999138273
6.666666666666667,0,Obstacles15_T1,-0.2131935754739724,-7.2755937429656825,0.6085650874743967,-0.8860462279773356,-0.43656291767146915,0.6256051389089143,1000,0.0
6.733333333333333,2,Obstacles15_T1,1.5824274850775801,-6.9037231936987125,0.589753139638537,-0.796038118177156,-0.3191845367254107,0.604326169793887,-0.7243588787960072,-0.04829059191973382
6.8,2,Obstacles15_T1,5.659673882829527,-6.397053637504643,0.589088249170603,-0.8065334197364316,-0.05945411089034702,0.6003625624011972,-1.4715761407436754,-0.14639566796931217
6.866666666666666,2,Obstacles15_T1,8.685523556744359,-5.8969594829746725,0.5968579642470883,-0.8824224485990579,0.13922166320048346,0.6096440066145628,-2.000142870236192,-0.27973852598505833
6.933333333333334,2,Obstacles15_T1,10.628924683344113,-5.679780360355455,0.6055416216993681,-0.9621859115635445,0.26186016768889603,0.6271013511271558,-2.36139062838985,-0.43716456787771496
7.0,2,Obstacles15_T1,13.457946345376847,-5.856895781067214,0.6189397293658857,-1.0267553675916954,0.416844081011258,0.6548909565279063,-2.9904871636789867,-0.6365303787896475
7.066666666666666,2,Obstacles15_T1,15.920642625809455,-6.133272355142973,0.6393532459042133,-1.067035204496863,0.5459274237316637,0.6912861181100172,-3.563694969991856,-0.8741100434557711
7.133333333333333,2,Obstacles15_T1,13.037563060774731,-6.364455707693452,0.6605344732442125,-1.0579972691550663,0.36833385588433754,0.7158417085023063,-3.0087306841658985,-1.074692089066831
7.2,0,Obstacles15_T1,5.212446109826919,-6.595664209996487,0.6746273076928909,-1.0061215244000699,-0.19514718426874408,0.7028318962177234,1000,0.0
7.266666666666667,0,Obstacles15_T1,0.14394763028008295,-6.646766599480539,0.6794223231898205,-0.9750106799357542,-0.392796169380621,0.676645484925682,1000,0.0
7.333333333333333,0,Obstacles15_T1,-0.16443479996143154,-6.481052701337812,0.6791711602708566,-1.0203962187350941,-0.3967643922360806,0.6501945254432766,1000,0.0
7.3999999999999995,2,Obstacles15_T1,0.21980281827672526,-6.300206622281423,0.6793420864514361,-1.117964592040151,-0.3691017978161822,0.6255877389221978,-0.31290304467852564,-0.020860202978568377
7.466666666666667,2,Obstacles15_T1,0.07816467084626494,-6.148973769708388,0.6803608139605691,-1.1951583498101672,-0.37006664989932103,0.6009166289289097,-0.2516137134479435,-0.037634450541764605
7.533333333333333,2,Obstacles15_T1,0.12404909052994224,-6.008528172422407,0.6726199342176961,-1.187060894171029,-0.36071286756890925,0.5768691044243158,-0.2318248257275739,-0.053089438923602864
7.6,2,Obstacles15_T1,0.34464473125951545,-5.9737942631461705,0.649123404850541,-1.0839360163339318,-0.34631098710586156,0.553781705283925,-0.2707202480192898,-0.07113745545822218
7.666666666666667,2,Obstacles15_T1,0.007422889929253287,-5.997627289331704,0.6172231905259329,-0.9395161359497536,-0.36693028508238124,0.529319686278433,-0.20513713840742734,-0.08481326468538401
7.733333333333333,0,Obstacles15_T1,-0.3826519546665079,-5.953398568095112,0.5906821929292001,-0.8389592486105955,-0.3799858386319893,0.5039872970363003,1000,0.0
7.8,2,Obstacles15_T1,2.136696591032508,-5.83117449977939,0.5747397474400797,-0.8335109624113339,-0.23597461864597555,0.48825565579323527,-0.61589812530242,-0.041059875020161334
7.866666666666666,2,Obstacles15_T1,6.805780584342314,-5.737638564448488,0.5659855533537692,-0.9051887092415615,0.03822979461291243,0.4908043087674294,-1.5734264585398174,-0.14595497225614917
7.933333333333334,2,Obstacles15_T1,10.078612870348238,-5.663146049762262,0.5620406748765208,-0.9889213074866331,0.23086169088703612,0.5061950881598984,-2.242745392917132,-0.29547133178395796
8.0,2,Obstacles15_T1,12.284887158375895,-5.658151753512138,0.5680481602455619,-1.034657164169478,0.35855996317581174,0.5300990857049526,-2.7034088882638763,-0.4756985910015497
8.066666666666666,2,Obstacles15_T1,14.345352405285619,-5.645216677434036,0.5892843949141875,-1.0476549587822843,0.4782136044869837,0.5619799926707515,-3.131897044630374,-0.6844917273102413
8.133333333333333,2,Obstacles15_T1,15.400478539642508,-5.517012228980214,0.6208639068742153,-1.053195506236855,0.5452886309450068,0.5983325680670852,-3.325874632822598,-0.9062167028317478
8.2,2,Obstacles15_T1,12.814068658642588,-5.108286001231494,0.649143843789197,-1.0470035166612883,0.41537473744398673,0.6260242172300177,-2.699080279514889,-1.0861553881327404
8.266666666666666,0,Obstacles15_T1,5.985633292945009,-4.41329426232244,0.661340665334354,-1.001456132691357,-0.061211625009673754,0.6219434422293727,1000,0.0
8.333333333333334,0,Obstacles15_T1,0.5925045107479062,-3.9379172201131833,0.662020589793301,-0.9416501383259509,-0.24623655670092146,0.6055276717826445,1000,0.0
8.4,0,Obstacles15_T1,-0.29476632669790603,-3.9948967032610585,0.6674537031980057,-0.9365883564378067,-0.2831286659227191,0.5866524273877967,1000,0.0
8.466666666666667,2,Obstacles15_T1,0.08431801151891594,-4.118231272148062,0.6826758584924023,-0.9953840736748817,-0.27279106121386243,0.5684663566402058,0.17207355992788814,0.01147157066185921
8.533333333333333,0,Obstacles15_T1,0.11208033771108092,-3.962357653597588,0.6952062174610965,-1.044445520321443,-0.26590624814380914,0.5507392734306186,1000,0.0
8.6,2,Obstacles15_T1,0.16191409186037786,-3.803899943034025,0.6917788384638118,-1.0156576186758914,-0.25330630056280345,0.5338521867264316,0.2216153208936497,0.014774354726243312
8.666666666666666,2,Obstacles15_T1,0.26944571336981826,-3.9222669917881436,0.6717718077724558,-0.9167497405711963,-0.2527432681022733,0.5170026355196135,0.17434133874394495,0.026397110642506307
8.733333333333333,0,Obstacles15_T1,0.02810359770617117,-4.370841095762067,0.6431598393527732,-0.7929226186040782,-0.2886360183906144,0.49776023429357247,1000,0.0
8.8,0,Obstacles15_T1,-0.2832443227227532,-4.918915985243,0.6149507871335831,-0.687374442865019,-0.3267850496936855,0.47597456431399343,1000,0.0
8.866666666666667,2,Obstacles15_T1,1.3859544726417776,-5.238748977656484,0.5958961444945435,-0.6443764336614646,-0.25107180526006795,0.45923644396332225,-0.3348124376902716,-0.022320829179351437
8.933333333333334,2,Obstacles15_T1,5.193382984190026,-5.441166578431068,0.5881694891984165,-0.68519614148952,-0.04077138260448393,0.45651835178968997,-1.173955905493106,-0.10058455621222516
9.0,2,Obstacles15_T1,8.85790682372508,-5.88192659202596,0.5874513571067442,-0.7811234272101651,0.14989798013503425,0.4665115504653589,-2.0330717000478398,-0.23612266954874783
9.066666666666666,2,Obstacles15_T1,11.430959952169607,-6.539446118143608,0.5910787515257501,-0.8756602294637534,0.2671662158971709,0.4843226315251703,-2.709136033790545,-0.4167317384681175
9.133333333333333,2,Obstacles15_T1,13.609596518140199,-7.172494355737138,0.6015805005629007,-0.9395438658446676,0.36281631804543,0.5085103860615323,-3.297539396498289,-0.6365676982346701
9.2,2,Obstacles15_T1,15.012413439539205,-7.6663367404214275,0.6208866484209764,-0.9796629232929195,0.420289906459853,0.5365297131588559,-3.6944546951817303,-0.8828646779134521
9.266666666666666,2,Obstacles15_T1,12.113574866897276,-7.913206664986607,0.6374258259086595,-0.9918839813291916,0.2410372519582506,0.5525988632894059,-3.1394752507056447,-1.092163027960495
9.333333333333334,0,Obstacles15_T1,4.864436715007042,-7.846556720734547,0.6384669039666705,-0.9658221683592428,-0.2682511891223862,0.5347154506812468,1000,0.0
9.4,0,Obstacles15_T1,0.15970747907339936,-7.5760285389317135,0.6278529119643954,-0.9336330897144778,-0.43653954856074734,0.5056128141105303,1000,0.0
9.466666666666667,0,Obstacles15_T1,-0.1827461113705652,-7.366797730793909,0.6199950740032535,-0.9571790825084182,-0.4397430938580528,0.4762966078533267,1000,0.0
9.533333333333333,2,Obstacles15_T1,0.1331737229618954,-7.319021443965642,0.6215393448816726,-1.0537403290570293,-0.42273089573786643,0.448114548137469,-0.5079822425205538,-0.033865482834703586
9.6,2,Obstacles15_T1,0.06610550263419987,-7.433968813425992,0.6234099293327295,-1.1553444742579302,-0.432091559802886,0.4193084441506099,-0.5180019475449318,-0.0683989460043657
9.666666666666666,2,Obstacles15_T1,0.16639099179408234,-7.545510490776107,0.6167594761453364,-1.1831311829207658,-0.4316213970810762,0.39053368434520486,-0.5623311756751055,-0.10588769104937273
9.733333333333333,2,Obstacles15_T1,0.343414119321226,-7.364114133605982,0.5992498810393186,-1.113697675192407,-0.4127370929341242,0.3630178781495966,-0.5614159866665218,-0.14331542349380752
9.8,2,Obstacles15_T1,0.1462713868854899,-6.9064141510644745,0.5707617814227572,-0.9751461326602714,-0.4022819479297272,0.3361990816209481,-0.4243765663698891,-0.17160719458513346
9.866666666666667,0,Obstacles15_T1,-0.3202347580113635,-6.186147613982077,0.5371083999053035,-0.8293818893062141,-0.3886901616228414,0.3102864041794253,1000,0.0
9.933333333333334,2,Obstacles15_T1,0.7955351383155865,-5.231345239071417,0.5097271938843704,-0.7479280751654866,-0.28482789852489115,0.29129787761109927,-0.20970556014860528,-0.013980370676573685
10.0,2,Obstacles15_T1,4.49336141875072,-4.269634158829721,0.49542605640454745,-0.7584285832139945,-0.025299655717080566,0.28961123389662724,-0.7822944159509388,-0.0661333317399696
10.066666666666666,2,Obstacles15_T1,8.39079860053962,-3.640204640045424,0.4931521043349892,-0.8249483497129595,0.22990180622982714,0.3049380209786157,-1.4661928016551564,-0.16387951851698002
10.133333333333333,2,Obstacles15_T1,11.071288577192576,-3.307986087483312,0.5021152513433215,-0.891271036499405,0.40061350700880416,0.33164558811253597,-1.9576173029840596,-0.2943873387159173
10.2,2,Obstacles15_T1,13.022641569351926,-2.900409362239753,0.5235220357566269,-0.9316720284274895,0.5327984020712812,0.36716548158395473,-2.28068450652345,-0.4464329724841473
10.266666666666666,2,Obstacles15_T1,14.921920735118803,-2.4167803047118257,0.5534528078399282,-0.9425436806283572,0.6656046175538864,0.41153912275421384,-2.5769386538764865,-0.6182288827425797
10.333333333333334,2,Obstacles15_T1,16.147257853710464,-2.109508097994156,0.5838934168171013,-0.9143976253551215,0.7510592642734885,0.4616097403724464,-2.7690627784034922,-0.8028330679694792
10.4,0,Obstacles15_T1,12.760231864532008,-2.0033550556908133,0.6095056149500517,-0.8383268356957667,0.3147256114536435,0.4825914478026893,1000,0.0
10.466666666666667,0,Obstacles15_T1,4.904867251388484,-1.9692122595436927,0.6266441556107393,-0.7411041625899992,0.013810668339071228,0.48351215902529404,1000,0.0
10.533333333333333,0,Obstacles15_T1,0.059011836671676324,-1.9466328696661808,0.6359241464206745,-0.6980251126099534,-0.17174678964124668,0.47206237304921095,1000,0.0
10.6,0,Obstacles15_T1,-0.2402941574876592,-2.14819214328335,0.6417591581957732,-0.7541654731414531,-0.1928940785339528,0.4592027678136141,1000,0.0
10.666666666666666,0,Obstacles15_T1,0.12693135631668512,-2.7521925326218306,0.6485746428531483,-0.8691503597224852,-0.20757740300219696,0.44536427428013425,1000,0.0
10.733333333333333,0,Obstacles15_T1,0.10624480876990908,-3.796665870666198,0.6514108300083803,-0.9388329156108999,-0.2582231217217704,0.4281493994986829,1000,0.0
10.8,2,Obstacles15_T1,0.22184016325395706,-4.947551501789009,0.6397069759003055,-0.9119660516053825,-0.30442669001535305,0.40785428683099273,-0.03025826179297436,-0.0020172174528649573
10.866666666666667,2,Obstacles15_T1,0.10001421953212307,-5.777143427420041,0.6113338790627804,-0.8201730766101826,-0.35105823053438046,0.38445040479536735,-0.17837297338426691,-0.013908749011816084
10.933333333333334,0,Obstacles15_T1,-0.3825695300637341,-6.365698865467308,0.5752237232425434,-0.7238857395862388,-0.39966028759935257,0.35780638562207717,1000,0.0
11.0,2,Obstacles15_T1,1.3339551471553468,-6.9574445578655775,0.5451629443329649,-0.6837518904284181,-0.33610310107400065,0.3353995122171438,-0.6836031981795282,-0.04557354654530188
11.066666666666666,2,Obstacles15_T1,6.053452221010035,-7.31078943409546,0.5284977505315182,-0.7244835774062528,-0.08031427357032428,0.3300452273124555,-1.7452005927847158,-0.16192025273094962
11.133333333333333,2,Obstacles15_T1,9.563089436753101,-7.072583196190777,0.522338809139697,-0.8124347598318304,0.13381168587083364,0.33896600637051105,-2.429815378121371,-0.3239079446057077
11.2,2,Obstacles15_T1,11.124679437900557,-6.546165441124176,0.5221122239432515,-0.888284747179363,0.2491512227726197,0.3555760878886857,-2.646446641271353,-0.5003377206904646
11.266666666666666,2,Obstacles15_T1,12.742748597664766,-6.3508097623882485,0.5291060274586064,-0.9332172817115414,0.3519532361087015,0.3790396369625991,-2.9441789458829954,-0.6966163170826642
11.333333333333334,2,Obstacles15_T1,14.908311142417734,-5.9558429509896795,0.5468019062389897,-0.9710864790858444,0.49591152543125594,0.41210040532468284,-3.3147128272700854,-0.9175971722340033
11.4,2,Obstacles15_T1,15.677769160746243,-4.484601718741865,0.5754308401453488,-1.0088722127074403,0.6105814168202582,0.45280583311270006,-3.167850133970136,-1.1287871811653456
11.466666666666667,0,Obstacles15_T1,11.059267708674948,-2.67252138095285,0.602309523778911,-0.9960135351843212,0.21727711701673835,0.46729097424714927,1000,0.0
11.533333333333333,0,Obstacles15_T1,3.3788923353025337,-1.4705410962822445,0.614070941128531,-0.9261494543078326,-0.021161504498030823,0.46588020728061386,1000,0.0
11.6,0,Obstacles15_T1,-0.2500797727569634,-0.746980925776799,0.6159597931216767,-0.8633308505259614,-0.12639614876318545,0.4574537973630682,1000,0.0
11.666666666666666,0,Obstacles15_T1,-0.09790308316684124,-0.4053688228787817,0.6234814527677801,-0.8489575545040955,-0.10423123074749116,0.45050504864656876,1000,0.0
11.733333333333333,0,Obstacles15_T1,0.17229037313987414,-0.33858702657424034,0.6392252852996225,-0.8491382599419132,-0.0906376416111891,0.44446253920582285,1000,0.0
11.8,0,Obstacles15_T1,0.09290426159498376,-0.3787944860934329,0.6484050176188112,-0.8001467016398656,-0.09561410678534366,0.4380882654201333,1000,0.0
11.866666666666667,0,Obstacles15_T1,0.14253811208360473,-0.34159909735363503,0.6408661833830268,-0.7105955574366055,-0.09192728674670204,0.4319597796370198,1000,0.0
11.933333333333334,0,Obstacles15_T1,0.2320218610549681,-0.2217052717176763,0.6195389489445833,-0.61978069789533,-0.08275877117680998,0.4264425282252325,1000,0.0
12.0,0,Obstacles15_T1,0.17768373068731502,-0.39296612915746815,0.5929402796073125,-0.5331760871613511,-0.0930252405424856,0.4202408455224001,1000,0.0
12.066666666666666,0,Obstacles15_T1,-0.03381450705904867,-0.4425035967011821,0.5751447904100773,-0.445999873617424,-0.10353520968867297,0.4133384982098219,1000,0.0
12.133333333333333,1,Obstacles15_T1,0.6316839817787631,0.6711262974850389,0.5691000998720308,-0.38240995648407783,0.0034253234903512397,0.4135668531091786,1000,0.0
12.2,1,Obstacles15_T1,2.8395486895213087,2.0283338350498967,0.5637033014051062,-0.366349260263671,0.2281391336102888,0.42877612868319787,1000,0.0
12.266666666666666,1,Obstacles15_T1,5.520314817866514,2.578008478217912,0.5566957327788583,-0.3818054048212855,0.4223621978284873,0.45693360853843035,1000,0.0
12.333333333333334,1,Obstacles15_T1,7.786850650777876,3.186099757025919,0.5607056885270455,-0.3953725203000478,0.5968365574345968,0.49672271236740345,1000,0.0
12.4,1,Obstacles15_T1,9.323757785989221,3.8994906946512615,0.5849396919504659,-0.39565640493220844,0.7366974933683325,0.5458358785919589,1000,0.0
12.466666666666667,1,Obstacles15_T1,10.447574799387473,4.353200597022799,0.6210718110145778,-0.39441316226825524,0.8341030923999275,0.6014427514186208,1000,0.0
12.533333333333333,1,Obstacles15_T1,11.679483855202431,5.055868821538011,0.6630960308256957,-0.39836142376126277,0.9555761774976786,0.6651478299184661,1000,0.0
12.6,0,Obstacles15_T1,11.890681611660712,6.20922154699392,0.7112180055092486,-0.38710359192371857,0.6731924336143632,0.7100273254927569,1000,0.0
12.666666666666666,0,Obstacles15_T1,8.253534167563512,5.6365404731927375,0.7540318326056691,-0.3482305819062486,0.5057779474103513,0.7437458553201137,1000,0.0
12.733333333333333,0,Obstacles15_T1,2.3354809155685707,2.21721211982161,0.7817741705248412,-0.31235437321818743,0.11465547255277875,0.751389553490299,1000,0.0
12.8,0,Obstacles15_T1,-0.2874906452879045,-0.32823838421894513,0.7975669043490774,-0.3000412990742491,-0.10785191628000022,0.744199425738299,1000,0.0
12.866666666666667,1,Obstacles15_T1,0.0514767550331386,-0.3115791237144613,0.8057558467362287,-0.2973824291083899,-0.10044569458968733,0.7375030460989865,1000,0.0
12.933333333333334,0,Obstacles15_T1,0.2312996031093224,0.057371280453105786,0.8042998881760244,-0.2771471004511545,-0.06946725945698365,0.7328718954685209,1000,0.0
13.0,0,Obstacles15_T1,-0.1533461633627519,0.03635656796779955,0.7872985598978273,-0.24196673076679595,-0.08528460799775892,0.7271862549353371,1000,0.0
13.066666666666666,0,Obstacles15_T1,-0.7449225109482955,-0.07127156797815529,0.7573089634771983,-0.20411907448057673,-0.11320550845930344,0.7196392210380501,1000,0.0
13.133333333333333,0,Obstacles15_T1,-1.3338828143733674,-0.20357317673625053,0.7251200516083444,-0.1540313217968969,-0.14220323052125453,0.7101590056699665,1000,0.0
13.2,3,Obstacles15_T1,-1.7564392931003712,0.43844264169494107,0.7019147126649395,-0.08335179928967437,-0.117373950452059,0.7023340756398292,0.6800161285676027,0.04533440857117352
13.266666666666666,3,Obstacles15_T1,-2.239396636848487,2.6902873377123315,0.6900988772269935,0.013050276643403413,0.025234029941240063,0.7040163443025785,0.9904072734445879,0.11136156013414604
13.333333333333334,3,Obstacles15_T1,-2.935900335123981,5.6189786482190405,0.679660405960777,0.12761185761487473,0.20807262030675533,0.7178878523230289,1.401855127006494,0.20481856860124564
13.4,3,Obstacles15_T1,-3.725183433683768,7.708867566111159,0.6699758574974682,0.23450353243966413,0.32728829779331603,0.7397070721759166,1.7286317951125745,0.3200606882754173
13.466666666666667,3,Obstacles15_T1,-4.272440730736204,9.213218100580546,0.677354318218389,0.31886571430732097,0.41390695798774957,0.7673008693750999,1.961482617367793,0.4508261960999368
13.533333333333333,3,Obstacles15_T1,-3.9946862784278254,11.170834670240447,0.709225412031295,0.3997094407754669,0.5647495881362808,0.8049508419175186,2.1521415090384037,0.594302296702497
13.6,3,Obstacles15_T1,-3.010120576882134,13.406132471125266,0.7499344069593101,0.48976209639760826,0.7626937146730063,0.8557970895623858,2.2940955381064656,0.747241999242928
13.666666666666666,3,Obstacles15_T1,-2.5234215479634097,13.476361951221035,0.7756161835778593,0.5586317576258709,0.7864663276132139,0.9082281780699334,2.2468275976171994,0.8970305057507413
13.733333333333333,0,Obstacles15_T1,-3.677722384144286,8.35807383139003,0.7788497508407091,0.5926603369671805,0.17614214644149961,0.9199709878327,1000,0.0
13.799999999999999,0,Obstacles15_T1,-5.748193647311868,1.6541680554208518,0.7738594427464541,0.633416067793728,-0.2235542856507103,0.9050673687893194,1000,0.0
13.866666666666667,0,Obstacles15_T1,-6.716377911770072,-0.609550845582048,0.7748542811394742,0.7188485554479078,-0.36888253115379754,0.8804752000457329,1000,0.0
13.933333333333334,0,Obstacles15_T1,-6.495145765934818,-0.14809016477454495,0.7788321533443662,0.8295031654460762,-0.338338040003922,0.8579193307121381,1000,0.0
14.0,0,Obstacles15_T1,-6.409759285893513,0.03432636551653412,0.7719152895484562,0.89710989268592,-0.32634334236188284,0.8361631078880126,1000,0.0
14.066666666666666,3,Obstacles15_T1,-6.492502108475497,0.033171536712552664,0.749464894834938,0.8794342220080101,-0.3287936667051926,0.8142435301076665,1.1715469149523532,0.07810312766349022
14.133333333333333,3,Obstacles15_T1,-5.946521816849214,0.026066598829650532,0.7192261203169602,0.7855636835079407,-0.3082742171465709,0.7936919156312284,1.108773538632718,0.1520213635723381
14.2,0,Obstacles15_T1,-4.9974162971055645,-0.09757658415315457,0.6902412259712218,0.6620382975408731,-0.2782430927192261,0.7751423761166134,1000,0.0
14.266666666666666,3,Obstacles15_T1,-4.395480209235272,0.4892153025396894,0.673301173145003,0.5778061448231885,-0.2153801642895512,0.76078369849731,0.9853012291067114,0.06568674860711408
14.333333333333334,3,Obstacles15_T1,-4.4340210638317314,2.34883003564256,0.6722930966815998,0.5822474783183922,-0.08373536762461073,0.7552013406556692,1.2007357203253735,0.14573579662880565
14.4,3,Obstacles15_T1,-4.800445548828527,4.5949115297126335,0.6748949224519522,0.6561486254817197,0.0629482173416589,0.7593978884784465,1.4972466597095144,0.24555224060943995
14.466666666666667,3,Obstacles15_T1,-5.177616299814243,6.804426971682863,0.6701910366616334,0.7401561767376977,0.20660016560777184,0.7731712328522979,1.7908271372704898,0.3649407164274726
14.533333333333333,3,Obstacles15_T1,-5.725776963880129,8.75865759867734,0.6641046173496771,0.8019238989873695,0.32539079293296086,0.794863952381162,2.07484041737943,0.5032634109194346
14.6,3,Obstacles15_T1,-6.6393041209702135,10.809270441365316,0.6694901523646299,0.8604502561823774,0.4370095275821907,0.8239979208866414,2.4112606754927626,0.6640141226189521
14.666666666666666,3,Obstacles15_T1,-7.507811341310921,12.522286902801735,0.6804843378582197,0.9232269144729301,0.5261937691386745,0.8590775054958864,2.7042552248103275,0.844297804272974
14.733333333333333,0,Obstacles15_T1,-8.185289911965036,10.179117916188822,0.6806103301240353,0.9627589316020279,0.08944794397875189,0.8650407017611365,1000,0.0
14.799999999999999,0,Obstacles15_T1,-9.261900103655464,3.7382410503010117,0.6684106447677393,0.9783472407887692,-0.25941711800640016,0.8477462272273765,1000,0.0
14.866666666666667,0,Obstacles15_T1,-10.18905198141604,-0.2369612553543477,0.6562580691401285,1.010822118398232,-0.4848480289033287,0.8154230253004879,1000,0.0
14.933333333333334,0,Obstacles15_T1,-9.544050167313976,-0.3487370987813184,0.6508879584916204,1.0825487083276628,-0.46534084984287216,0.7844003019776298,1000,0.0
15.0,3,Obstacles15_T1,-8.092687266903322,0.024846198833233447,0.6440013455292689,1.1556050601695342,-0.3910198057308198,0.7583323149289085,1.3522178318959754,0.0901478554597317
15.066666666666666,3,Obstacles15_T1,-7.579815827425591,0.05979796154614714,0.6270354203954741,1.1682150589492426,-0.3687646983088698,0.7337480017083172,1.2979755015651886,0.1766795555640776
15.133333333333333,3,Obstacles15_T1,-7.620319994122387,0.07065486817393599,0.6016056021471923,1.1042433106052834,-0.36954744878796875,0.7091115051224527,1.3038048164916525,0.26359987666352114
15.2,0,Obstacles15_T1,-7.005359723851062,-0.19666723114945234,0.5758257106294288,0.9970117977031538,-0.36030702183742436,0.6850910369999578,1000,0.0
15.266666666666666,3,Obstacles15_T1,-5.68009791301185,0.05731971616156921,0.557246750407849,0.8960370951247189,-0.2957756672257094,0.6653726591849105,1.0820824185429783,0.07213882790286522
15.333333333333334,3,Obstacles15_T1,-4.4801334833153845,1.66218539936037,0.5479349518541836,0.8394863728316315,-0.13466800992564015,0.6563947918565345,1.1280373951040943,0.14734132090980484
15.4,3,Obstacles15_T1,-4.15313225486404,3.62624861201298,0.5439287425570781,0.8329811802615993,0.018532841953309342,0.6576303146534218,1.3138386107395736,0.2349305616257764
15.466666666666667,3,Obstacles15_T1,-4.333962352614948,5.542450282244989,0.5419145912463836,0.8548616358067814,0.14874849657167205,0.6675468810915333,1.5518449021797531,0.33838688843775994
15.533333333333333,3,Obstacles15_T1,-4.327125490668593,7.292689949265197,0.5464757469006675,0.8881121609285569,0.2743108645848223,0.6858342720638547,1.7497154554337722,0.4550345854666781
15.6,3,Obstacles15_T1,-3.957405122976814,9.090010354207458,0.5623154723660138,0.9249649277613403,0.41721995764878916,0.7136489359071073,1.9117434207290587,0.5824841468486153
15.666666666666666,3,Obstacles15_T1,-3.564568782926285,10.329316940428724,0.5812436448168957,0.9493001592256337,0.521071332246606,0.7483870247235477,2.0078150430961994,0.7163384830550286
15.733333333333333,0,Obstacles15_T1,-3.390916500730815,8.201871752610634,0.5898673223563925,0.9409289987998191,0.17973332731725866,0.7603692465446983,1000,0.0
15.799999999999999,0,Obstacles15_T1,-3.6060292760760486,2.843811893764612,0.5925253969578426,0.9131009219040462,-0.08427270435298631,0.7547510662544992,1000,0.0
15.866666666666667,0,Obstacles15_T1,-4.147697989120456,-0.4948642430178297,0.6029942024068976,0.9085798595021076,-0.2644778470907767,0.7371192097817807,1000,0.0
15.933333333333334,0,Obstacles15_T1,-4.512635861083035,-0.4111571673378228,0.6189067465717798,0.9432056301121137,-0.27453816073979587,0.718816665732461,1000,0.0
16.0,3,Obstacles15_T1,-4.418996440170453,0.08782500913838945,0.6241579056199086,0.9762538284686458,-0.24502126907202876,0.7024819144609924,0.9424137509043649,0.06282758339362432
16.066666666666666,3,Obstacles15_T1,-4.182155866202328,0.06882467297280356,0.6123948391147638,0.9486860050098466,-0.2372597299076178,0.6866645991338178,0.9133766389496065,0.1237193593235981
16.133333333333333,0,Obstacles15_T1,-3.9617832729669016,0.010809153416027338,0.595514573460214,0.8523134115991223,-0.23318346935010142,0.6711190345104777,1000,0.0
16.2,0,Obstacles15_T1,-3.2886917982025503,-0.009181113458468051,0.5843010218774773,0.7305393521096721,-0.20821383618220907,0.6572381120983305,1000,0.0
16.266666666666666,0,Obstacles15_T1,-2.2545502353384386,-0.09368200465251894,0.5779006250562179,0.6298516454035141,-0.1724174467348474,0.6457436156493407,1000,0.0
16.333333333333332,0,Obstacles15_T1,-1.6793371084128474,-0.21495729036104216,0.5752289613693988,0.5738715210258385,-0.15605150984878186,0.6353401816594219,1000,0.0
16.4,3,Obstacles15_T1,-1.9011521347717728,0.0822475357312738,0.5773487476811165,0.5672503342815268,-0.14844735913845442,0.6254436910501916,0.6560135787740966,0.04373423858493977
16.466666666666665,3,Obstacles15_T1,-2.598037204441562,1.2563978864095475,0.5805749260461743,0.5961199151477701,-0.09123043566320099,0.6193616620059782,0.8683700191243542,0.10162557319323004
16.53333333333333,3,Obstacles15_T1,-3.370970296904233,3.3130396730402705,0.5798654204733186,0.6399428616727453,0.026234801493972226,0.621110648772243,1.1895175733042767,0.1809267447468485
16.6,3,Obstacles15_T1,-3.963291752331292,5.7784391670829045,0.5751829403225497,0.6853565153357565,0.179919005399914,0.6331052491322372,1.536558965119832,0.2833640090881706
16.666666666666668,3,Obstacles15_T1,-4.052276445493471,7.286480886990625,0.5730862690822235,0.7238857665638229,0.28445199911585195,0.6520687157399606,1.7178162735259845,0.3978850939899029
16.733333333333334,3,Obstacles15_T1,-3.7954090612974336,8.023610703262037,0.5830923835827012,0.7566009610229633,0.34711595364381675,0.6752097793162151,1.772324498971824,0.5160400605880245
16.8,3,Obstacles15_T1,-3.737290140194388,9.40616236202168,0.607438954400127,0.7956336431856318,0.44833076115593695,0.7050984967266108,1.9226433110014653,0.6442162813214556
16.866666666666667,3,Obstacles15_T1,-3.8082732375370014,10.281855228875216,0.6318816709207089,0.8343049790796506,0.5082874400719336,0.7389843260647397,2.0300879567497776,0.7795554784381075
16.933333333333334,0,Obstacles15_T1,-3.899229625786324,7.488446724121847,0.6391506855562215,0.8455674422225741,0.12610673157212585,0.7473914415028815,1000,0.0
17.0,0,Obstacles15_T1,-4.704473472562572,2.3832343327484518,0.6326609198277671,0.8364659999940594,-0.1485603210597491,0.7374874200988982,1000,0.0
17.066666666666666,0,Obstacles15_T1,-6.3017156113489605,-0.2162982609604192,0.629087043895022,0.8626429171493355,-0.3341435278234226,0.71521118491067,1000,0.0
17.133333333333333,0,Obstacles15_T1,-7.479218093746445,-0.290797428836474,0.6293067690287117,0.944143966617288,-0.38304987950493596,0.6896745262770076,1000,0.0
17.2,0,Obstacles15_T1,-7.970938008936122,-0.18843809221658664,0.6197981278517745,1.0218208104626298,-0.397102918360988,0.6632009983862751,1000,0.0
17.266666666666666,0,Obstacles15_T1,-8.655094762872022,-0.12571591504610244,0.5970179482477853,1.03122127797497,-0.42045928208301914,0.6351703795807405,1000,0.0
17.333333333333332,3,Obstacles15_T1,-9.189137012989091,0.08549713864785544,0.5688978588480571,0.9681843181647419,-0.4289069024846458,0.6065765860817641,1.4835449997904981,0.0989029999860332
17.4,3,Obstacles15_T1,-8.722216992229049,0.04416269461092587,0.5401877382375255,0.8689167239815754,-0.4138828883019291,0.5789843935283022,1.4258597695898145,0.1939603179586875
17.466666666666665,0,Obstacles15_T1,-7.880617855272257,-0.1633681522559488,0.5131925242807875,0.7825574639987584,-0.39242779523936594,0.5528225405123445,1000,0.0
17.53333333333333,3,Obstacles15_T1,-7.288779725478742,0.1562514409312914,0.49425138655430956,0.7466207302715648,-0.3506505536654812,0.5294458369346458,1.2758910061933508,0.08505940041289005
17.6,3,Obstacles15_T1,-6.905617138829935,1.2233016509815644,0.4858573917648633,0.7648834209068263,-0.2595035318411085,0.5121456014785718,1.3535100291822992,0.17529340235837665
17.666666666666668,3,Obstacles15_T1,-6.829354718543358,2.6682749265063057,0.4836077365818127,0.8162699742264231,-0.1531211969126456,0.5019375216843954,1.50885426367737,0.2758836866035347
17.733333333333334,3,Obstacles15_T1,-7.0250011619771575,4.170039581371737,0.4816398360330716,0.8785540038187627,-0.05314558673443326,0.49839448256876656,1.7015049076607915,0.38931734711425414
17.8,3,Obstacles15_T1,-7.135565754885818,5.541587071374155,0.4774124574900447,0.9382846811885179,0.04078469606922441,0.5011134623067148,1.869719813003713,0.513965334647835
17.866666666666667,3,Obstacles15_T1,-6.924370231113694,6.839528113052494,0.4738810050932358,0.9930402092982752,0.14183790851010902,0.5105693228740554,1.9930618979473693,0.6468361278443263
17.933333333333334,3,Obstacles15_T1,-6.629648382088599,8.32511526202358,0.47663328387158127,1.0499674979180595,0.2595416048700648,0.5278720965320598,2.128221239819224,0.7887175438322745
18.0,3,Obstacles15_T1,-6.520560408316102,10.09248703929734,0.4890158482500742,1.1219745533617793,0.3902685923593727,0.5538900026893513,2.3164310629857487,0.9431462813646578
18.066666666666666,3,Obstacles15_T1,-6.497248197368085,11.803195311024293,0.5063972150595496,1.1959960913306804,0.5136354592649076,0.5881323666403451,2.5079450327541046,1.1103426168815982
18.133333333333333,3,Obstacles15_T1,-6.14286242128906,11.038673786717837,0.5165041393868851,1.2281614770682443,0.4725525751872829,0.6196358716528306,2.3809526900075544,1.2690727962154351
18.2,0,Obstacles15_T1,-5.466038527114892,5.9303496209708175,0.5170134505192475,1.1985891442467762,-0.008600354435231244,0.6190625146904819,1000,0.0
18.266666666666666,0,Obstacles15_T1,-4.887330932809748,0.8482573494755099,0.5220362939561205,1.1452307752686408,-0.22886194162350051,0.6038050519155819,1000,0.0
18.333333333333332,0,Obstacles15_T1,-4.594274128129624,-0.3580545817180112,0.541124709998285,1.133261895846112,-0.2751480104355305,0.5854618512198798,1000,0.0
18.4,3,Obstacles15_T1,-4.463642264640421,0.027081119300309958,0.5630905334424682,1.1735376129681911,-0.25108940908943944,0.5687225572805839,0.9405866727951423,0.06270577818634282
18.466666666666665,3,Obstacles15_T1,-4.40702588831198,0.03578534909201852,0.5692230816727689,1.2089292498998332,-0.24828573195948125,0.5521701751499518,0.9351487998519419,0.12504903150980562
18.53333333333333,0,Obstacles15_T1,-4.3486436124181385,-0.011499655967990595,0.5597367626100261,1.1865807930127121,-0.2491478734166762,0.5355603169221734,1000,0.0
18.6,0,Obstacles15_T1,-4.1434924911313145,0.03713337175941046,0.5471571506280314,1.1068274034855845,-0.23892552518129373,0.5196319485767539,1000,0.0
18.666666666666668,0,Obstacles15_T1,-3.6216196113858725,-0.07886751693491861,0.5364703038639024,1.0005626571302986,-0.22436222639992218,0.5046744668167591,1000,0.0
18.733333333333334,0,Obstacles15_T1,-2.8146313760098893,-0.2290832457614708,0.5257910696957198,0.8912070930627398,-0.20045084030107313,0.49131107746335423,1000,0.0
18.8,3,Obstacles15_T1,-2.1420485808720784,0.3075486716445133,0.5146044761588681,0.7952309792117142,-0.14159610500060346,0.48187133712998065,0.7089254894411203,0.04726169929607469
18.866666666666667,3,Obstacles15_T1,-1.7417107271671566,1.3753650890747506,0.5030729708497832,0.7227869809104159,-0.04973273598266513,0.47855582139780295,0.784682137477448,0.09957384179457121
18.933333333333334,3,Obstacles15_T1,-1.395423450277833,2.0152615992914678,0.493269533298129,0.6770465612497489,0.009414271161763216,0.4791834394752538,0.818005831387943,0.15410756388710073
19.0,3,Obstacles15_T1,-1.0969362717172113,2.6360383708526243,0.49074811676053454,0.6556419627737688,0.06535151194554392,0.4835402069382901,0.8545846529255895,0.21107987408214002
19.066666666666666,3,Obstacles15_T1,-0.9217004937516722,3.969517658328808,0.49768453073970265,0.6559132606489056,0.16756392794530314,0.49471113546797696,0.9860415275863134,0.2768159759212276
19.133333333333333,3,Obstacles15_T1,-0.8475816567129439,5.441593242672372,0.5097749656274295,0.6718660261717028,0.2758039489908056,0.5130980654006974,1.144705075797525,0.3531296476410626
19.2,3,Obstacles15_T1,-0.7379990953191307,6.855476363749036,0.5261528108625341,0.697084552391182,0.3812438549521721,0.5385143223975088,1.2927389510459015,0.43931224437745603
19.266666666666666,3,Obstacles15_T1,-0.6342768088705518,9.21956248160717,0.5499442966867284,0.7356815078937591,0.5544827589724342,0.5754798396623377,1.5492829009436053,0.5425977711070297
19.333333333333332,3,Obstacles15_T1,-0.7433408121730471,11.843942588297296,0.5750362055906403,0.7689793867976323,0.7381606884288142,0.6246905522242587,1.8595199252039099,0.6665657661206237
19.4,0,Obstacles15_T1,-0.8465991328979982,11.016644386162096,0.5886699775788775,0.7615198861430419,0.41206518428898137,0.6521615645101908,1000,0.0
19.466666666666665,0,Obstacles15_T1,-0.9229335480477918,5.4977056879898365,0.5911561270804948,0.7110459089316363,0.14572594087138452,0.6618766272349498,1000,0.0
19.53333333333333,0,Obstacles15_T1,-1.847417922695807,0.5062688601849878,0.5957491686827264,0.6748093241658001,-0.1281034840624328,0.6533363949641209,1000,0.0
19.6,0,Obstacles15_T1,-3.4551362420123466,-0.4728001045652694,0.6041951241680545,0.7082070632513603,-0.2367512216977066,0.6375529801842738,1000,0.0
19.666666666666668,0,Obstacles15_T1,-4.487329460297035,-0.014943869379796563,0.6020706557486212,0.7859926020709658,-0.2546536521731245,0.6205760700393987,1000,0.0
19.733333333333334,0,Obstacles15_T1,-5.211227235099582,0.015861074495190457,0.5828347976746217,0.8398281295488781,-0.28106391224095895,0.6018384758900015,1000,0.0
19.8,0,Obstacles15_T1,-6.481950083684863,-0.023321417043866564,0.5570327029758727,0.8353635595110089,-0.33187504897579745,0.5797134726249483,1000,0.0
19.866666666666667,3,Obstacles15_T1,-7.4536392658555295,0.06387079092884718,0.5328808249663917,0.7805014692929148,-0.3636135144803815,0.5554725716595895,1.2841171247334098,0.08560780831556065
19.933333333333334,0,Obstacles15_T1,-7.565219122446479,-0.05525232369595758,0.5072084869874846,0.6988330734614706,-0.37512042711990184,0.5304645431849294,1000,0.0
20.0,0,Obstacles15_T1,-7.215517273305977,-0.047869580237918055,0.4819984911535308,0.6273976522720525,-0.36129952699783197,0.5063779080517407,1000,0.0
20.066666666666666,3,Obstacles15_T1,-6.283499719103929,1.1604760614454164,0.46601093715544106,0.6045694427554325,-0.24004073051367047,0.49037519268416263,1.2757712233275993,0.08505141488850662
20.133333333333333,3,Obstacles15_T1,-4.930048123929928,3.2065777131270514,0.45914990984454435,0.6319538853841237,-0.041433681086898794,0.4876129472783694,1.3543847540009009,0.1753437318219
20.2,3,Obstacles15_T1,-3.6385147234584982,5.222077980021573,0.45414443206319166,0.670091431743865,0.15259788526050014,0.4977861396290694,1.4365526408368106,0.27111390787768735
20.266666666666666,3,Obstacles15_T1,-2.4707352813937,6.811983877625611,0.4521635733042653,0.691495609376291,0.31139499202258925,0.5185458057639087,1.4844626218564692,0.37007808266811865
20.333333333333332,3,Obstacles15_T1,-1.5364149610248357,7.963264668764889,0.4620105607854085,0.7060447039155784,0.42979954746707316,0.5471991089283803,1.5090869302840189,0.4706838780203866
20.4,3,Obstacles15_T1,-0.9333450538207404,9.111191374167117,0.48947053902083737,0.7373114279690628,0.5352060825049406,0.5828795144287097,1.5709264063878274,0.5754123051129084
20.466666666666665,3,Obstacles15_T1,-0.5583927952938801,10.692803860726563,0.5306796949964419,0.7899535978907686,0.6628742235322961,0.6270711293308627,1.7078784212724856,0.6892708665310742
20.53333333333333,3,Obstacles15_T1,-0.37063578477549003,11.781913223043318,0.5711592572467332,0.8279443789598812,0.7480745288131638,0.6769427645850736,1.8101789842910239,0.8099494654838091
20.6,0,Obstacles15_T1,-0.23763388615471026,9.646869190917243,0.5952533507819878,0.8027270906512525,0.37014461271514504,0.7016190720994167,1000,0.0
20.666666666666668,0,Obstacles15_T1,-0.0913299468571241,4.163452246157039,0.6053678951088783,0.7151143093614454,0.11407547299911189,0.7092241036326907,1000,0.0
20.733333333333334,0,Obstacles15_T1,0.0196439087964829,0.19373407884154506,0.6197213259769254,0.6307062215246134,-0.07111093591538083,0.7044833745716653,1000,0.0
20.8,2,Obstacles15_T1,0.09247099937445337,-0.3563223530620636,0.6402506758953921,0.6019165877458214,-0.09277754743894015,0.6982982047424027,0.9576248457335876,0.06384165638223918
